,PCARD_NO,counts,TIME_CATEGORY,STOP_ID
0,000E0E005B05G33F,1,Morning Peak (MP),8944.0
1,000E0E005B05G33F,1,Morning Peak (MP),8000505.0
2,000E0E0096GCF6EB,13,Morning Peak (MP),232.0
3,000E0E0096GCF6EB,2,Morning Peak (MP),10718.0
4,000E0E0096GCF6EB,9,Morning Peak (MP),71300.0
5,000E0E0096GCF6EB,1,Morning Peak (MP),71302.0
6,000E0E0096GCF6EB,15,Morning Peak (MP),71349.0
7,000E0E0096GCF6EB,6,Morning Peak (MP),75921.0
8,000E0E0096GCF6EB,1,Morning Peak (MP),8002377.0
9,000E0E0096GCF6EB,13,Morning Peak (MP),9010224.0
10,000E0E00B009C090,8,Morning Peak (MP),1005.0
11,000E0E00B009C090,9,Morning Peak (MP),1815.0
12,000E0E00B009C090,12,Morning Peak (MP),9652.0
13,000E0E00B009C090,1,Morning Peak (MP),9656.0
14,000E0E00B009C090,2,Morning Peak (MP),74604.0
15,000E0E0336EC0GEE,2,Morning Peak (MP),211.0
16,000E0E0336EC0GEE,3,Morning Peak (MP),213.0
17,000E0E0336EC0GEE,1,Morning Peak (MP),214.0
18,000E0E0336EC0GEE,14,Morning Peak (MP),2546.0
19,000E0E033F6FB5EC,17,Morning Peak (MP),2633.0
20,000E0E03596FCEFF,20,Morning Peak (MP),1015.0
21,000E0E03596FCEFF,1,Morning Peak (MP),1853.0
22,000E0E03596FCEFF,1,Morning Peak (MP),1860.0
23,000E0E0359G5035F,1,Morning Peak (MP),220.0
24,000E0E0359G5035F,16,Morning Peak (MP),337.0
25,000E0E0359G5035F,1,Morning Peak (MP),2724.0
26,000E0E03C6565E5F,1,Morning Peak (MP),214.0
27,000E0E03C6565E5F,17,Morning Peak (MP),2812.0
28,000E0E03C6565E5F,15,Morning Peak (MP),9007912.0
29,000E0E0535660CF9,4,Morning Peak (MP),416.0
30,000E0E0535660CF9,11,Morning Peak (MP),2644.0
31,000E0E0535660CF9,10,Morning Peak (MP),8247.0
32,000E0E0535660CF9,4,Morning Peak (MP),9008839.0
33,000E0E053E5FGC50,1,Morning Peak (MP),1004.0
34,000E0E053E5FGC50,1,Morning Peak (MP),72419.0
35,000E0E053E5FGC50,3,Morning Peak (MP),8501293.0
36,000E0E053EBEEEEB,3,Morning Peak (MP),335.0
37,000E0E053EBEEEEB,1,Morning Peak (MP),418.0
38,000E0E053EBEEEEB,1,Morning Peak (MP),2639.0
39,000E0E053EBGFCCC,14,Morning Peak (MP),1955.0
40,000E0E053EBGFCCC,17,Morning Peak (MP),9012213.0
41,000E0E05963C6599,2,Morning Peak (MP),9371.0
42,000E0E05963C6599,17,Morning Peak (MP),8002638.0
43,000E0E05963C6599,1,Morning Peak (MP),8002643.0
44,000E0E05963C6599,18,Morning Peak (MP),9000230.0
45,000E0E05963C6599,17,Morning Peak (MP),9036972.0
46,000E0E05B0BG0G0E,18,Morning Peak (MP),223.0
47,000E0E05B0BG0G0E,5,Morning Peak (MP),323.0
48,000E0E05B0BG0G0E,16,Morning Peak (MP),9011014.0
49,000E0E05B0BG0G0E,2,Morning Peak (MP),9011031.0
50,000E0E05B0BG0G0E,16,Morning Peak (MP),9011097.0
51,000E0E05B0BG0G0E,1,Morning Peak (MP),9111097.0
52,000E0E05B0EC3FB5,3,Morning Peak (MP),329.0
53,000E0E05B0EC3FB5,23,Morning Peak (MP),2736.0
54,000E0E05B0EC3FB5,12,Morning Peak (MP),11371.0
55,000E0E05B0EC3FB5,5,Morning Peak (MP),9007806.0
56,000E0E05B0EC3FB5,1,Morning Peak (MP),9011205.0
57,000E0E05C3696935,1,Morning Peak (MP),230.0
58,000E0E05C3696935,1,Morning Peak (MP),2742.0
59,000E0E05C3696935,3,Morning Peak (MP),2743.0
60,000E0E05C3696935,1,Morning Peak (MP),9507.0
61,000E0E05C3696935,2,Morning Peak (MP),9667.0
62,000E0E05C3696935,9,Morning Peak (MP),9681.0
63,000E0E05C3696935,1,Morning Peak (MP),9692.0
64,000E0E05C3696935,27,Morning Peak (MP),9924.0
65,000E0E05C3696935,3,Morning Peak (MP),9927.0
66,000E0E05C3696935,1,Morning Peak (MP),71372.0
67,000E0E05C3FGF0C0,1,Morning Peak (MP),1015.0
68,000E0E05C3FGF0C0,32,Morning Peak (MP),2713.0
69,000E0E05G333E6CF,18,Morning Peak (MP),323.0
70,000E0E05G333E6CF,1,Morning Peak (MP),2634.0
71,000E0E05G333E6CF,2,Morning Peak (MP),8001401.0
72,000E0E06363G90GE,1,Morning Peak (MP),2628.0
73,000E0E069EBGC0FG,1,Morning Peak (MP),216.0
74,000E0E069EBGC0FG,1,Morning Peak (MP),2531.0
75,000E0E06GFF6C559,32,Morning Peak (MP),1032.0
76,000E0E06GFF6C559,29,Morning Peak (MP),9511.0
77,000E0E06GFF6C559,1,Morning Peak (MP),9652.0
78,000E0E06GFF6C559,1,Morning Peak (MP),76305.0
79,000E0E06GFF6C559,2,Morning Peak (MP),9001568.0
80,000E0E06GFFBG5E0,4,Morning Peak (MP),8605.0
81,000E0E06GFFBG5E0,1,Morning Peak (MP),8644.0
82,000E0E06GFFBG5E0,1,Morning Peak (MP),70028.0
83,000E0E06GFFBG5E0,6,Morning Peak (MP),70170.0
84,000E0E06GFFBG5E0,1,Morning Peak (MP),70171.0
85,000E0E06GFFBG5E0,1,Morning Peak (MP),72261.0
86,000E0E06GFFBG5E0,5,Morning Peak (MP),75228.0
87,000E0E06GFFBG5E0,5,Morning Peak (MP),75229.0
88,000E0E06GFFBG5E0,1,Morning Peak (MP),9000406.0
89,000E0E06GFFBG5E0,2,Morning Peak (MP),9000426.0
90,000E0E06GFFBG5E0,7,Morning Peak (MP),9000455.0
91,000E0E06GFFBG5E0,3,Morning Peak (MP),9011370.0
92,000E0E0B53GBCG33,1,Morning Peak (MP),238.0
93,000E0E0B53GBCG33,1,Morning Peak (MP),2520.0
94,000E0E0B53GBCG33,2,Morning Peak (MP),2624.0
95,000E0E0B53GBCG33,16,Morning Peak (MP),8002634.0
96,000E0E0B53GBCG33,8,Morning Peak (MP),9036965.0
97,000E0E0B53GBCG33,3,Morning Peak (MP),9036966.0
98,000E0E0B595GFF99,35,Morning Peak (MP),226.0
99,000E0E0B595GFF99,87,Morning Peak (MP),234.0
100,000E0E0BFG05E659,11,Morning Peak (MP),206.0
101,000E0E0BFG05E659,23,Morning Peak (MP),419.0
102,000E0E0BFG05E659,1,Morning Peak (MP),2548.0
103,000E0E0BFG05E659,1,Morning Peak (MP),7654.0
104,000E0E0BFG05E659,5,Morning Peak (MP),71142.0
105,000E0E0BFG05E659,5,Morning Peak (MP),71205.0
106,000E0E0BFG05E659,5,Morning Peak (MP),72029.0
107,000E0E0BFG05E659,3,Morning Peak (MP),75215.0
108,000E0E0BFG05E659,3,Morning Peak (MP),75738.0
109,000E0E0BGGC6F39F,3,Morning Peak (MP),217.0
110,000E0E0BGGC6F39F,2,Morning Peak (MP),229.0
111,000E0E0BGGC6F39F,1,Morning Peak (MP),9670.0
112,000E0E0BGGC6F39F,1,Morning Peak (MP),71320.0
113,000E0E0BGGC6F39F,1,Morning Peak (MP),72782.0
114,000E0E0BGGC6F39F,2,Morning Peak (MP),8000805.0
115,000E0E0CCE30C6FB,17,Morning Peak (MP),10839.0
116,000E0E0CCE30C6FB,15,Morning Peak (MP),79721.0
117,000E0E0CCE30C6FB,3,Morning Peak (MP),9007130.0
118,000E0E0E56CBGGBB,1,Morning Peak (MP),72011.0
119,000E0E0E56CBGGBB,2,Morning Peak (MP),72248.0
120,000E0E0E56CBGGBB,1,Morning Peak (MP),8002341.0
121,000E0E0E6E6C905F,1,Morning Peak (MP),7891.0
122,000E0E0E6E6C905F,7,Morning Peak (MP),8132.0
123,000E0E0E6E6C905F,1,Morning Peak (MP),9002701.0
124,000E0E0E965ECGBC,18,Morning Peak (MP),2540.0
125,000E0E0E99BFG9G5,17,Morning Peak (MP),75503.0
126,000E0E0E99BFG9G5,5,Morning Peak (MP),8002143.0
127,000E0E0E9B00E9E0,20,Morning Peak (MP),2732.0
128,000E0E0E9B00E9E0,20,Morning Peak (MP),11420.0
129,000E0E0E9B00E9E0,2,Morning Peak (MP),11596.0
130,000E0E0E9B00E9E0,1,Morning Peak (MP),15239.0
131,000E0E0E9B30B903,2,Morning Peak (MP),72239.0
132,000E0E0E9B955FG0,14,Morning Peak (MP),329.0
133,000E0E0E9B955FG0,17,Morning Peak (MP),330.0
134,000E0E0E9B955FG0,7,Morning Peak (MP),10407.0
135,000E0E0E9B955FG0,1,Morning Peak (MP),71372.0
136,000E0E0E9B955FG0,4,Morning Peak (MP),76351.0
137,000E0E0E9B955FG0,3,Morning Peak (MP),176351.0
138,000E0E0E9B955FG0,4,Morning Peak (MP),8001367.0
139,000E0E0E9B955FG0,5,Morning Peak (MP),9033324.0
140,000E0E0E9BEBGGGF,16,Morning Peak (MP),220.0
141,000E0E0E9BEBGGGF,2,Morning Peak (MP),416.0
142,000E0E0E9BEBGGGF,2,Morning Peak (MP),2642.0
143,000E0E0E9C65335F,19,Morning Peak (MP),331.0
144,000E0E0F9EE6F653,8,Morning Peak (MP),1849.0
145,000E0E0FB0BC996B,13,Morning Peak (MP),1951.0
146,000E0E0FEB050BFB,3,Morning Peak (MP),214.0
147,000E0E0FEB050BFB,14,Morning Peak (MP),222.0
148,000E0E0FEB050BFB,3,Morning Peak (MP),332.0
149,000E0E0FEB050BFB,2,Morning Peak (MP),414.0
150,000E0E0FEB050BFB,1,Morning Peak (MP),71869.0
151,000E0E0FEB050BFB,10,Morning Peak (MP),8003143.0
152,000E0E0FEB050BFB,8,Morning Peak (MP),9006338.0
153,000E0E0FEE069G55,3,Morning Peak (MP),311.0
154,000E0E0FEE069G55,2,Morning Peak (MP),2535.0
155,000E0E0FEE069G55,21,Morning Peak (MP),2560.0
156,000E0E0FEE069G55,1,Morning Peak (MP),2561.0
157,000E0E0FEE0906CE,32,Morning Peak (MP),2743.0
158,000E0E0FEE0906CE,1,Morning Peak (MP),9751.0
159,000E0E0FEE0906CE,1,Morning Peak (MP),8001233.0
160,000E0E0FEE0969E0,1,Morning Peak (MP),230.0
161,000E0E0FEE0969E0,4,Morning Peak (MP),2554.0
162,000E0E0FEE0969E0,17,Morning Peak (MP),2731.0
163,000E0E0FEE5G05CC,17,Morning Peak (MP),201.0
164,000E0E0FEE5G05CC,2,Morning Peak (MP),2621.0
165,000E0E0FEE660C55,2,Morning Peak (MP),207.0
166,000E0E0FEE660C55,33,Morning Peak (MP),2551.0
167,000E0E0G3G0396E0,34,Morning Peak (MP),227.0
168,000E0E0G3G3509FG,27,Morning Peak (MP),1020.0
169,000E0E0G3GC936BB,16,Morning Peak (MP),4109.0
170,000E0E0G3GC936BB,1,Morning Peak (MP),10258.0
171,000E0E0G65EFG56G,9,Morning Peak (MP),430.0
172,000E0E0G65EFG56G,8,Morning Peak (MP),8769.0
173,000E0E0G65EFG56G,18,Morning Peak (MP),9950.0
174,000E0E0G65EFG56G,5,Morning Peak (MP),8002376.0
175,000E0E0G65EFG56G,2,Morning Peak (MP),9009745.0
176,000E0E0G65EFG56G,4,Morning Peak (MP),9009772.0
177,000E0E0G65EFG56G,1,Morning Peak (MP),9009778.0
178,000E0E0G65EFG56G,5,Morning Peak (MP),9009851.0
179,000E0E0G65EFG56G,1,Morning Peak (MP),9010306.0
180,000E0E0G65EFG56G,1,Morning Peak (MP),9010307.0
181,000E0E0G65EFG56G,7,Morning Peak (MP),9136730.0
182,000E0E0GBE5B6C9F,29,Morning Peak (MP),2737.0
183,000E0E0GE33F0G9G,1,Morning Peak (MP),157.0
184,000E0E0GE33F0G9G,16,Morning Peak (MP),330.0
185,000E0E0GE33F0G9G,15,Morning Peak (MP),1015.0
186,000E0E0GE33F0G9G,1,Morning Peak (MP),1016.0
187,000E0E0GE5G669EB,17,Morning Peak (MP),1859.0
188,000E0E0GE5G669EB,1,Morning Peak (MP),7919.0
189,000E0E0GE5G669EB,1,Morning Peak (MP),8349.0
190,000E0E0GE5G669EB,4,Morning Peak (MP),70129.0
191,000E0E0GE5G669EB,7,Morning Peak (MP),9002681.0
192,000E0E0GE9C30965,18,Morning Peak (MP),1006.0
193,000E0E0GE9C30965,1,Morning Peak (MP),2742.0
194,000E0E0GEC3B393F,2,Morning Peak (MP),232.0
195,000E0E0GEC3B393F,1,Morning Peak (MP),332.0
196,000E0E0GEC3B393F,10,Morning Peak (MP),337.0
197,000E0E0GEC3B393F,18,Morning Peak (MP),1006.0
198,000E0E0GEC3B393F,1,Morning Peak (MP),1808.0
199,000E0E0GEC6939CF,17,Morning Peak (MP),1954.0
200,000E0E0GECF6BEB3,7,Morning Peak (MP),1956.0
201,000E0E0GECF6BEB3,1,Morning Peak (MP),2611.0
202,000E0E0GGCE09CG3,1,Morning Peak (MP),153.0
203,000E0E0GGCE09CG3,1,Morning Peak (MP),205.0
204,000E0E0GGCE09CG3,1,Morning Peak (MP),206.0
205,000E0E0GGCE09CG3,1,Morning Peak (MP),246.0
206,000E0E0GGCE09CG3,2,Morning Peak (MP),412.0
207,000E0E0GGCE09CG3,2,Morning Peak (MP),422.0
208,000E0E0GGCE09CG3,1,Morning Peak (MP),1456.0
209,000E0E0GGCE09CG3,3,Morning Peak (MP),2636.0
210,000E0E0GGCE09CG3,4,Morning Peak (MP),2724.0
211,000E0E0GGCE09CG3,2,Morning Peak (MP),7654.0
212,000E0E0GGCE09CG3,1,Morning Peak (MP),8419.0
213,000E0E0GGCE09CG3,1,Morning Peak (MP),11262.0
214,000E0E0GGCE09CG3,1,Morning Peak (MP),71500.0
215,000E0E0GGCE09CG3,4,Morning Peak (MP),72158.0
216,000E0E0GGCE09CG3,1,Morning Peak (MP),72208.0
217,000E0E0GGCE09CG3,1,Morning Peak (MP),72314.0
218,000E0E0GGCE09CG3,1,Morning Peak (MP),72419.0
219,000E0E0GGCE09CG3,1,Morning Peak (MP),73693.0
220,000E0E0GGCE09CG3,1,Morning Peak (MP),74669.0
221,000E0E0GGCE09CG3,6,Morning Peak (MP),77078.0
222,000E0E0GGCE09CG3,1,Morning Peak (MP),77079.0
223,000E0E0GGCEEB0CE,1,Morning Peak (MP),2811.0
224,000E0E0GGEE6CG55,7,Morning Peak (MP),313.0
225,005F5993E30B6GGF,32,Morning Peak (MP),8132.0
226,0069FE0GG96FFCEG,19,Morning Peak (MP),4111.0
227,0069FE0GG96FFCEG,1,Morning Peak (MP),10290.0
228,00EE0F000E030C6F,1,Morning Peak (MP),2802363.0
229,00EE0F000E030C6F,1,Morning Peak (MP),2802527.0
230,00EE0F000E030C6F,1,Morning Peak (MP),2802537.0
231,00EE0F003EGEB935,24,Morning Peak (MP),9447.0
232,00EE0F003EGEB935,1,Morning Peak (MP),9475.0
233,00EE0F003EGEB935,1,Morning Peak (MP),71119.0
234,00EE0F003EGEB935,4,Morning Peak (MP),75001.0
235,00EE0F003EGEB935,5,Morning Peak (MP),75003.0
236,00EE0F003EGEB935,6,Morning Peak (MP),8501302.0
237,00EE0F003EGEB935,4,Morning Peak (MP),9012213.0
238,00EE0F00G95FBCB3,1,Morning Peak (MP),70563.0
239,00EE0F00G95FBCB3,1,Morning Peak (MP),71304.0
240,00EE0F00G95FBCB3,1,Morning Peak (MP),72359.0
241,00EE0F00G95FBCB3,2,Morning Peak (MP),72572.0
242,00EE0F00G95FBCB3,2,Morning Peak (MP),9009135.0
243,00EE0F00G95FBCB3,1,Morning Peak (MP),9011877.0
244,00EE0F00G95FBCB3,1,Morning Peak (MP),9011882.0
245,0659FG0C0GF60366,2,Morning Peak (MP),71196.0
246,0659FG0C0GF60366,3,Morning Peak (MP),71198.0
247,0659FG0C0GF60366,28,Morning Peak (MP),71613.0
248,0659FG0C0GF60366,1,Morning Peak (MP),72012.0
249,0E6E0FG003G395F6,23,Morning Peak (MP),150.0
250,0E6E0FG003G395F6,8,Morning Peak (MP),425.0
251,0E6E0FG003G395F6,1,Morning Peak (MP),1751.0
252,0E6E0FG00F03909B,3,Morning Peak (MP),2823.0
253,0E6E0FG00F03909B,1,Morning Peak (MP),2827.0
254,0E6E0FG0E0CE3EG3,1,Morning Peak (MP),1852.0
255,0E6E0FG0E0CE3EG3,9,Morning Peak (MP),2824.0
256,0E6E0FG0E0CE3EG3,1,Morning Peak (MP),8001591.0
257,0E6E0FG0EFFF093E,1,Morning Peak (MP),1205.0
258,0E6E0FG0EFFF093E,18,Morning Peak (MP),1208.0
259,0E6E0FG0EG9EC9FB,29,Morning Peak (MP),1907.0
260,0E6E0FG0EG9EC9FB,2,Morning Peak (MP),1912.0
261,0E6E0FG0EG9EC9FB,1,Morning Peak (MP),1916.0
262,0E6E0FG0EG9EC9FB,1,Morning Peak (MP),8314.0
263,0E6E0FG0EG9EC9FB,1,Morning Peak (MP),70692.0
264,0E6E0FG0EG9EC9FB,1,Morning Peak (MP),8501377.0
265,0EEE0FG00055E9F6,17,Morning Peak (MP),221.0
266,0EEE0FG0EECFBG0F,21,Morning Peak (MP),2821.0
267,0EEE0FG0EEFG93GF,17,Morning Peak (MP),431.0
268,0EEE0FG0EEFG93GF,1,Morning Peak (MP),1709.0
269,336F0099963G00G5,1,Morning Peak (MP),70689.0
270,336F0099963G00G5,1,Morning Peak (MP),73120.0
271,336F0099963G00G5,2,Morning Peak (MP),73122.0
272,336F0099963G00G5,20,Morning Peak (MP),73123.0
273,336F0099963G00G5,4,Morning Peak (MP),73128.0
274,6EC9FE0FG9650009,1,Morning Peak (MP),222.0
275,6EC9FE0FG9650009,1,Morning Peak (MP),7653.0
276,6EC9FE0FG9650009,1,Morning Peak (MP),9992.0
277,6EC9FE0FG9650009,4,Morning Peak (MP),10517.0
278,6EC9FE0FG9650009,1,Morning Peak (MP),16197.0
279,6EC9FE0FG9650009,2,Morning Peak (MP),70318.0
280,6EC9FE0FG9650009,2,Morning Peak (MP),74952.0
281,6EC9FE0FG9650009,19,Morning Peak (MP),75866.0
282,6EC9FE0FG9650009,7,Morning Peak (MP),8001610.0
283,6EC9FE0FG9650009,9,Morning Peak (MP),9006339.0
284,6EC9FE0FG9650009,1,Morning Peak (MP),9008152.0
285,6EC9FE0FG9650009,2,Morning Peak (MP),9008973.0
286,6EC9FE0FG9650009,7,Morning Peak (MP),9012505.0
287,6EC9FE0FG9650009,8,Morning Peak (MP),9035078.0
288,B00E00030E003E5B0E5C,1,Morning Peak (MP),2801957.0
289,B00E000E0000GEEFG36F,1,Morning Peak (MP),2801438.0
290,B0E53E00396GEFGB,24,Morning Peak (MP),326.0
291,B0E53E00396GEFGB,1,Morning Peak (MP),10843.0
292,B0E53E00396GEFGB,1,Morning Peak (MP),71300.0
293,B0E53E00396GEFGB,30,Morning Peak (MP),73983.0
294,E009FE0006G5359C,1,Morning Peak (MP),11456.0
295,E009FE0006G5359C,1,Morning Peak (MP),71439.0
296,E009FE0006G5359C,4,Morning Peak (MP),72419.0
297,E009FE0006G5359C,2,Morning Peak (MP),8001829.0
298,E009FE0006G5359C,3,Morning Peak (MP),8001834.0
299,E00E000E0000CEGFBCEE,12,Morning Peak (MP),316.0
300,E00E000E0000CEGFBCEE,4,Morning Peak (MP),8501276.0
301,E00E000E0000CEGFBCEE,2,Morning Peak (MP),9010027.0
302,E00E000E0000CEGFBCEE,1,Morning Peak (MP),9012168.0
303,E00E000E0000CEGFBCEE,2,Morning Peak (MP),9113191.0
304,E00E000E000E0CBF9FC5,1,Morning Peak (MP),2645.0
305,E00E000E000E0CBF9FC5,2,Morning Peak (MP),11084.0
306,E00E000E000E0CBF9FC5,2,Morning Peak (MP),13733.0
307,E00E000G0E00B3CC655E,1,Morning Peak (MP),70154.0
308,E00E000G0E00B3CC655E,4,Morning Peak (MP),72014.0
309,E00E000G0E00B3CC655E,1,Morning Peak (MP),8000732.0
310,E00E000G0E00B3CC655E,5,Morning Peak (MP),8000961.0
311,E50E0E9000CCC0CE,35,Morning Peak (MP),4209.0
312,E50E0E9000CCC0CE,23,Morning Peak (MP),8001869.0
313,E50E0E9000CCC0CE,12,Morning Peak (MP),8001938.0
314,E909F909FGBB0006,1,Morning Peak (MP),1813.0
315,E909F909FGBB0006,1,Morning Peak (MP),8002655.0
316,E909F90C00CEG5E0,9,Morning Peak (MP),4106.0
317,E909F90C00CEG5E0,1,Morning Peak (MP),70394.0
318,E909F90C00CEG5E0,2,Morning Peak (MP),70981.0
319,E909F90C00CEG5E0,1,Morning Peak (MP),8001669.0
320,E909F90C00CEG5E0,9,Morning Peak (MP),8002450.0
321,E909F90C00CEG5E0,1,Morning Peak (MP),9003615.0
322,E909F90C00CEG5E0,2,Morning Peak (MP),9003645.0
323,E909F90C00CEG5E0,1,Morning Peak (MP),9012412.0
324,E909F90C9ECB990B,16,Morning Peak (MP),211.0
325,E909F90C9ECB990B,18,Morning Peak (MP),2721.0
326,EEEE0F000C0B330C,1,Morning Peak (MP),420.0
327,EEEE0F000C0B330C,31,Morning Peak (MP),424.0
328,EGF9FE0G9C306609,17,Morning Peak (MP),1859.0
329,EGF9FE0G9C306609,1,Morning Peak (MP),2826.0
330,FE09FF5BBFBE609E,12,Morning Peak (MP),221.0
331,FE09FF5BBFBE609E,8,Morning Peak (MP),237.0
332,FE09FF5BBFBE609E,5,Morning Peak (MP),1801.0
333,FE09FF5BBFBE609E,9,Morning Peak (MP),75428.0
334,FE09FF5BBFBE609E,1,Morning Peak (MP),75430.0
335,FG09FF5363B0F05E,1,Morning Peak (MP),413.0
336,FG09FF5363B0F05E,14,Morning Peak (MP),9009056.0
337,FG09FF5363B0F05E,3,Morning Peak (MP),9009151.0
338,FG09FF5363B0F05E,13,Morning Peak (MP),9009540.0
339,FG09FF5363B0F05E,18,Morning Peak (MP),9011993.0
340,FGFF5EC59B0E60G0,10,Morning Peak (MP),329.0
341,FGFF5EC59B0E60G0,1,Morning Peak (MP),1202.0
342,FGFF5EC59B0E60G0,2,Morning Peak (MP),2722.0
343,FGFF5EC59B0E60G0,3,Morning Peak (MP),2723.0
344,G3550GEB9560FEG9,22,Morning Peak (MP),230.0
345,G3550GEB9560FEG9,1,Morning Peak (MP),60060.0
346,G3550GEB9560FEG9,25,Morning Peak (MP),74577.0
347,G3550GEB9560FEG9,4,Morning Peak (MP),174577.0
348,G3950GE30CGC5EG9,1,Morning Peak (MP),2741.0
349,G3950GE30CGC5EG9,20,Morning Peak (MP),9274.0
350,G3950GE30CGC5EG9,1,Morning Peak (MP),71317.0
351,G3950GE30CGC5EG9,1,Morning Peak (MP),74935.0
352,G5FF906EG5EF0EG9,2,Morning Peak (MP),416.0
353,G5FF906EG5EF0EG9,1,Morning Peak (MP),7931.0
354,G5FF906EG5EF0EG9,24,Morning Peak (MP),7939.0
355,G5FF906EG5EF0EG9,1,Morning Peak (MP),8107.0
356,G5FF906EG5EF0EG9,1,Morning Peak (MP),8220.0
357,G5FF906EG5EF0EG9,1,Morning Peak (MP),72572.0
358,G5FF906EG5EF0EG9,1,Morning Peak (MP),72579.0
359,G5FF906EG5EF0EG9,1,Morning Peak (MP),73053.0
360,G5FF906EG5EF0EG9,1,Morning Peak (MP),73083.0
361,G5FF906EG5EF0EG9,2,Morning Peak (MP),8001608.0
362,G5FF906EG5EF0EG9,2,Morning Peak (MP),9010970.0
363,000E0E005B05G33F,2,Afternoon Peak (AP),204.0
364,000E0E005B05G33F,2,Afternoon Peak (AP),206.0
365,000E0E005B05G33F,1,Afternoon Peak (AP),210.0
366,000E0E005B05G33F,1,Afternoon Peak (AP),423.0
367,000E0E005B05G33F,1,Afternoon Peak (AP),425.0
368,000E0E005B05G33F,1,Afternoon Peak (AP),1004.0
369,000E0E005B05G33F,1,Afternoon Peak (AP),8105.0
370,000E0E005B05G33F,1,Afternoon Peak (AP),8935.0
371,000E0E005B05G33F,1,Afternoon Peak (AP),8966.0
372,000E0E005B05G33F,1,Afternoon Peak (AP),9096.0
373,000E0E005B05G33F,2,Afternoon Peak (AP),72209.0
374,000E0E005B05G33F,3,Afternoon Peak (AP),72214.0
375,000E0E005B05G33F,9,Afternoon Peak (AP),72395.0
376,000E0E005B05G33F,1,Afternoon Peak (AP),79684.0
377,000E0E005B05G33F,1,Afternoon Peak (AP),8002486.0
378,000E0E0096GCF6EB,3,Afternoon Peak (AP),232.0
379,000E0E0096GCF6EB,1,Afternoon Peak (AP),10711.0
380,000E0E0096GCF6EB,1,Afternoon Peak (AP),71349.0
381,000E0E0096GCF6EB,1,Afternoon Peak (AP),2800499.0
382,000E0E00B009C090,1,Afternoon Peak (AP),1805.0
383,000E0E00B009C090,5,Afternoon Peak (AP),1815.0
384,000E0E00B009C090,1,Afternoon Peak (AP),3125.0
385,000E0E0336EC0GEE,1,Afternoon Peak (AP),159.0
386,000E0E0336EC0GEE,2,Afternoon Peak (AP),2544.0
387,000E0E0336EC0GEE,1,Afternoon Peak (AP),2546.0
388,000E0E0359G5035F,1,Afternoon Peak (AP),2744.0
389,000E0E03C6565E5F,1,Afternoon Peak (AP),2543.0
390,000E0E0535660CF9,1,Afternoon Peak (AP),152.0
391,000E0E0535660CF9,1,Afternoon Peak (AP),212.0
392,000E0E0535660CF9,1,Afternoon Peak (AP),410.0
393,000E0E0535660CF9,2,Afternoon Peak (AP),416.0
394,000E0E0535660CF9,1,Afternoon Peak (AP),2530.0
395,000E0E0535660CF9,10,Afternoon Peak (AP),2627.0
396,000E0E0535660CF9,4,Afternoon Peak (AP),2644.0
397,000E0E0535660CF9,1,Afternoon Peak (AP),8231.0
398,000E0E0535660CF9,2,Afternoon Peak (AP),8303.0
399,000E0E0535660CF9,1,Afternoon Peak (AP),70586.0
400,000E0E0535660CF9,2,Afternoon Peak (AP),72426.0
401,000E0E0535660CF9,4,Afternoon Peak (AP),72427.0
402,000E0E0535660CF9,1,Afternoon Peak (AP),9009075.0
403,000E0E0535660CF9,1,Afternoon Peak (AP),9009083.0
404,000E0E0535660CF9,1,Afternoon Peak (AP),9011885.0
405,000E0E0535660CF9,1,Afternoon Peak (AP),9111885.0
406,000E0E053EBEEEEB,1,Afternoon Peak (AP),154.0
407,000E0E053EBEEEEB,24,Afternoon Peak (AP),2639.0
408,000E0E053EBGFCCC,4,Afternoon Peak (AP),240.0
409,000E0E053EBGFCCC,3,Afternoon Peak (AP),9010397.0
410,000E0E05963C6599,2,Afternoon Peak (AP),9380.0
411,000E0E05963C6599,1,Afternoon Peak (AP),11193.0
412,000E0E05963C6599,1,Afternoon Peak (AP),11333.0
413,000E0E05963C6599,1,Afternoon Peak (AP),13387.0
414,000E0E05963C6599,1,Afternoon Peak (AP),70154.0
415,000E0E05B0BG0G0E,1,Afternoon Peak (AP),323.0
416,000E0E05B0BG0G0E,1,Afternoon Peak (AP),72387.0
417,000E0E05B0BG0G0E,4,Afternoon Peak (AP),72925.0
418,000E0E05B0BG0G0E,2,Afternoon Peak (AP),73857.0
419,000E0E05B0EC3FB5,1,Afternoon Peak (AP),213.0
420,000E0E05C3696935,3,Afternoon Peak (AP),156.0
421,000E0E05C3696935,3,Afternoon Peak (AP),1004.0
422,000E0E05C3696935,10,Afternoon Peak (AP),2742.0
423,000E0E05C3696935,1,Afternoon Peak (AP),4115.0
424,000E0E05C3696935,4,Afternoon Peak (AP),4117.0
425,000E0E05C3696935,6,Afternoon Peak (AP),9684.0
426,000E0E05C3696935,1,Afternoon Peak (AP),9872.0
427,000E0E05C3696935,2,Afternoon Peak (AP),9924.0
428,000E0E05C3696935,2,Afternoon Peak (AP),9926.0
429,000E0E05C3696935,13,Afternoon Peak (AP),9927.0
430,000E0E05C3696935,1,Afternoon Peak (AP),9950.0
431,000E0E05C3696935,1,Afternoon Peak (AP),8001938.0
432,000E0E05C3FGF0C0,2,Afternoon Peak (AP),155.0
433,000E0E05C3FGF0C0,1,Afternoon Peak (AP),1015.0
434,000E0E05C3FGF0C0,33,Afternoon Peak (AP),2713.0
435,000E0E05C3FGF0C0,1,Afternoon Peak (AP),2715.0
436,000E0E05G333E6CF,4,Afternoon Peak (AP),156.0
437,000E0E05G333E6CF,1,Afternoon Peak (AP),159.0
438,000E0E05G333E6CF,1,Afternoon Peak (AP),206.0
439,000E0E05G333E6CF,1,Afternoon Peak (AP),312.0
440,000E0E05G333E6CF,1,Afternoon Peak (AP),7768.0
441,000E0E05G333E6CF,1,Afternoon Peak (AP),11418.0
442,000E0E05G333E6CF,1,Afternoon Peak (AP),72028.0
443,000E0E06363G90GE,14,Afternoon Peak (AP),150.0
444,000E0E06363G90GE,1,Afternoon Peak (AP),205.0
445,000E0E06363G90GE,1,Afternoon Peak (AP),319.0
446,000E0E06363G90GE,1,Afternoon Peak (AP),432.0
447,000E0E06363G90GE,1,Afternoon Peak (AP),1003.0
448,000E0E06363G90GE,34,Afternoon Peak (AP),2628.0
449,000E0E06F00936FB,1,Afternoon Peak (AP),1706.0
450,000E0E06F00936FB,1,Afternoon Peak (AP),1754.0
451,000E0E06GFF6C559,1,Afternoon Peak (AP),1005.0
452,000E0E06GFF6C559,2,Afternoon Peak (AP),1006.0
453,000E0E06GFF6C559,25,Afternoon Peak (AP),1032.0
454,000E0E06GFF6C559,5,Afternoon Peak (AP),9507.0
455,000E0E06GFF6C559,1,Afternoon Peak (AP),9595.0
456,000E0E06GFF6C559,1,Afternoon Peak (AP),9671.0
457,000E0E06GFF6C559,1,Afternoon Peak (AP),75921.0
458,000E0E06GFF6C559,2,Afternoon Peak (AP),75923.0
459,000E0E06GFF6C559,15,Afternoon Peak (AP),8000851.0
460,000E0E06GFF6C559,19,Afternoon Peak (AP),8002368.0
461,000E0E06GFF6C559,1,Afternoon Peak (AP),8002595.0
462,000E0E06GFF6C559,1,Afternoon Peak (AP),8002668.0
463,000E0E06GFF6C559,2,Afternoon Peak (AP),9036727.0
464,000E0E06GFFBG5E0,1,Afternoon Peak (AP),9000449.0
465,000E0E0B53GBCG33,1,Afternoon Peak (AP),2624.0
466,000E0E0B595GFF99,2,Afternoon Peak (AP),150.0
467,000E0E0B595GFF99,2,Afternoon Peak (AP),152.0
468,000E0E0B595GFF99,1,Afternoon Peak (AP),225.0
469,000E0E0B595GFF99,25,Afternoon Peak (AP),226.0
470,000E0E0B595GFF99,37,Afternoon Peak (AP),234.0
471,000E0E0B595GFF99,2,Afternoon Peak (AP),433.0
472,000E0E0B595GFF99,6,Afternoon Peak (AP),1805.0
473,000E0E0BFG05E659,19,Afternoon Peak (AP),417.0
474,000E0E0BFG05E659,1,Afternoon Peak (AP),419.0
475,000E0E0BG99G63C6,1,Afternoon Peak (AP),1805.0
476,000E0E0BGGC6F39F,1,Afternoon Peak (AP),229.0
477,000E0E0BGGC6F39F,4,Afternoon Peak (AP),230.0
478,000E0E0BGGC6F39F,2,Afternoon Peak (AP),9635.0
479,000E0E0BGGC6F39F,4,Afternoon Peak (AP),9679.0
480,000E0E0BGGC6F39F,2,Afternoon Peak (AP),9704.0
481,000E0E0BGGC6F39F,1,Afternoon Peak (AP),76425.0
482,000E0E0E56CBGGBB,1,Afternoon Peak (AP),7691.0
483,000E0E0E56CBGGBB,1,Afternoon Peak (AP),9238.0
484,000E0E0E56CBGGBB,1,Afternoon Peak (AP),71614.0
485,000E0E0E56CBGGBB,1,Afternoon Peak (AP),72012.0
486,000E0E0E56CBGGBB,1,Afternoon Peak (AP),72028.0
487,000E0E0E56CBGGBB,1,Afternoon Peak (AP),72247.0
488,000E0E0E56CBGGBB,3,Afternoon Peak (AP),72262.0
489,000E0E0E56CBGGBB,1,Afternoon Peak (AP),72263.0
490,000E0E0E56CBGGBB,1,Afternoon Peak (AP),72266.0
491,000E0E0E56CBGGBB,1,Afternoon Peak (AP),72591.0
492,000E0E0E56CBGGBB,1,Afternoon Peak (AP),75185.0
493,000E0E0E56CBGGBB,1,Afternoon Peak (AP),9011880.0
494,000E0E0E56CBGGBB,1,Afternoon Peak (AP),9011882.0
495,000E0E0E56CBGGBB,2,Afternoon Peak (AP),9011918.0
496,000E0E0E6E6C905F,1,Afternoon Peak (AP),70960.0
497,000E0E0E6E6C905F,1,Afternoon Peak (AP),71473.0
498,000E0E0E6E6C905F,1,Afternoon Peak (AP),9005350.0
499,000E0E0E6E6C905F,1,Afternoon Peak (AP),9005365.0
500,000E0E0E965ECGBC,1,Afternoon Peak (AP),9011489.0
501,000E0E0E965ECGBC,1,Afternoon Peak (AP),9011500.0
502,000E0E0E99BFG9G5,2,Afternoon Peak (AP),158.0
503,000E0E0E9B30B903,34,Afternoon Peak (AP),414.0
504,000E0E0E9B30B903,1,Afternoon Peak (AP),9011950.0
505,000E0E0E9BEBGGGF,1,Afternoon Peak (AP),416.0
506,000E0E0E9BEBGGGF,1,Afternoon Peak (AP),2642.0
507,000E0E0E9C65335F,1,Afternoon Peak (AP),228.0
508,000E0E0E9C65335F,1,Afternoon Peak (AP),229.0
509,000E0E0E9C65335F,2,Afternoon Peak (AP),331.0
510,000E0E0E9C65335F,1,Afternoon Peak (AP),1452.0
511,000E0E0E9C65335F,1,Afternoon Peak (AP),1455.0
512,000E0E0F365GBEGE,1,Afternoon Peak (AP),419.0
513,000E0E0F365GBEGE,1,Afternoon Peak (AP),72259.0
514,000E0E0F365GBEGE,1,Afternoon Peak (AP),75229.0
515,000E0E0F9EE6F653,1,Afternoon Peak (AP),209.0
516,000E0E0F9EE6F653,2,Afternoon Peak (AP),329.0
517,000E0E0F9EE6F653,1,Afternoon Peak (AP),1849.0
518,000E0E0F9EE6F653,1,Afternoon Peak (AP),2732.0
519,000E0E0FB0BC996B,9,Afternoon Peak (AP),311.0
520,000E0E0FEE069G55,1,Afternoon Peak (AP),153.0
521,000E0E0FEE069G55,1,Afternoon Peak (AP),2560.0
522,000E0E0FEE0906CE,1,Afternoon Peak (AP),1004.0
523,000E0E0FEE0906CE,1,Afternoon Peak (AP),2736.0
524,000E0E0FEE0906CE,8,Afternoon Peak (AP),2742.0
525,000E0E0FEE0906CE,21,Afternoon Peak (AP),2743.0
526,000E0E0FEE0906CE,2,Afternoon Peak (AP),2747.0
527,000E0E0FEE0906CE,1,Afternoon Peak (AP),4112.0
528,000E0E0FEE0906CE,1,Afternoon Peak (AP),4117.0
529,000E0E0FEE0906CE,3,Afternoon Peak (AP),9009696.0
530,000E0E0FEE0906CE,1,Afternoon Peak (AP),9009702.0
531,000E0E0FEE0969E0,8,Afternoon Peak (AP),228.0
532,000E0E0FEE0969E0,3,Afternoon Peak (AP),230.0
533,000E0E0FEE0969E0,1,Afternoon Peak (AP),2554.0
534,000E0E0FEE5G05CC,5,Afternoon Peak (AP),2621.0
535,000E0E0FEE5G05CC,1,Afternoon Peak (AP),2622.0
536,000E0E0FEE5G05CC,1,Afternoon Peak (AP),2625.0
537,000E0E0FEE660C55,4,Afternoon Peak (AP),207.0
538,000E0E0FEE660C55,1,Afternoon Peak (AP),215.0
539,000E0E0FEE660C55,1,Afternoon Peak (AP),416.0
540,000E0E0FEE660C55,1,Afternoon Peak (AP),419.0
541,000E0E0FEE660C55,2,Afternoon Peak (AP),2551.0
542,000E0E0G3G0396E0,26,Afternoon Peak (AP),227.0
543,000E0E0G3G3509FG,1,Afternoon Peak (AP),157.0
544,000E0E0G3G3509FG,25,Afternoon Peak (AP),1020.0
545,000E0E0G3G3509FG,3,Afternoon Peak (AP),2717.0
546,000E0E0G65EFG56G,1,Afternoon Peak (AP),425.0
547,000E0E0G65EFG56G,1,Afternoon Peak (AP),430.0
548,000E0E0G65EFG56G,1,Afternoon Peak (AP),1004.0
549,000E0E0G65EFG56G,1,Afternoon Peak (AP),2733.0
550,000E0E0G65EFG56G,5,Afternoon Peak (AP),2741.0
551,000E0E0G65EFG56G,3,Afternoon Peak (AP),2742.0
552,000E0E0G65EFG56G,1,Afternoon Peak (AP),8001612.0
553,000E0E0G65EFG56G,1,Afternoon Peak (AP),9009677.0
554,000E0E0G65EFG56G,1,Afternoon Peak (AP),9009678.0
555,000E0E0G65EFG56G,1,Afternoon Peak (AP),9009772.0
556,000E0E0G65EFG56G,1,Afternoon Peak (AP),9009809.0
557,000E0E0G65EFG56G,1,Afternoon Peak (AP),9009896.0
558,000E0E0GBE5B6C9F,5,Afternoon Peak (AP),326.0
559,000E0E0GBE5B6C9F,2,Afternoon Peak (AP),329.0
560,000E0E0GBE5B6C9F,1,Afternoon Peak (AP),1701.0
561,000E0E0GBE5B6C9F,10,Afternoon Peak (AP),2737.0
562,000E0E0GE33F0G9G,2,Afternoon Peak (AP),1015.0
563,000E0E0GE33F0G9G,3,Afternoon Peak (AP),1016.0
564,000E0E0GE33F0G9G,1,Afternoon Peak (AP),1018.0
565,000E0E0GE5G669EB,1,Afternoon Peak (AP),9010725.0
566,000E0E0GE5G669EB,1,Afternoon Peak (AP),9011189.0
567,000E0E0GE5G669EB,1,Afternoon Peak (AP),9012827.0
568,000E0E0GE9C30965,1,Afternoon Peak (AP),2742.0
569,000E0E0GE9C30965,1,Afternoon Peak (AP),2746.0
570,000E0E0GECF6BEB3,3,Afternoon Peak (AP),311.0
571,000E0E0GECF6BEB3,1,Afternoon Peak (AP),1951.0
572,000E0E0GECF6BEB3,30,Afternoon Peak (AP),1956.0
573,000E0E0GECF6BEB3,2,Afternoon Peak (AP),2611.0
574,000E0E0GGCE09CG3,5,Afternoon Peak (AP),412.0
575,000E0E0GGCE09CG3,3,Afternoon Peak (AP),2548.0
576,000E0E0GGCE09CG3,1,Afternoon Peak (AP),2636.0
577,000E0E0GGCE09CG3,6,Afternoon Peak (AP),2716.0
578,000E0E0GGCE09CG3,1,Afternoon Peak (AP),8534.0
579,000E0E0GGCE09CG3,4,Afternoon Peak (AP),10977.0
580,000E0E0GGCE09CG3,1,Afternoon Peak (AP),71300.0
581,000E0E0GGCE09CG3,1,Afternoon Peak (AP),71427.0
582,000E0E0GGCE09CG3,1,Afternoon Peak (AP),71490.0
583,000E0E0GGCE09CG3,2,Afternoon Peak (AP),71500.0
584,000E0E0GGCE09CG3,1,Afternoon Peak (AP),71922.0
585,000E0E0GGCE09CG3,2,Afternoon Peak (AP),72180.0
586,000E0E0GGCEEB0CE,3,Afternoon Peak (AP),158.0
587,000E0E0GGCEEB0CE,34,Afternoon Peak (AP),2811.0
588,000E0E0GGE556E9F,2,Afternoon Peak (AP),208.0
589,000E0E0GGE556E9F,33,Afternoon Peak (AP),1454.0
590,000E0E0GGE556E9F,1,Afternoon Peak (AP),1455.0
591,000E0E0GGEE6CG55,24,Afternoon Peak (AP),313.0
592,000E0E0GGEE6CG55,3,Afternoon Peak (AP),320.0
593,000E0E0GGEE6CG55,7,Afternoon Peak (AP),2611.0
594,000E0E0GGEE6CG55,4,Afternoon Peak (AP),2613.0
595,000E0E0GGEE6CG55,4,Afternoon Peak (AP),2620.0
596,000E0E0GGEE6CG55,3,Afternoon Peak (AP),2641.0
597,005F5993E30B6GGF,1,Afternoon Peak (AP),221.0
598,005F5993E30B6GGF,1,Afternoon Peak (AP),1701.0
599,005F5993E30B6GGF,9,Afternoon Peak (AP),8018.0
600,005F5993E30B6GGF,5,Afternoon Peak (AP),8120.0
601,0069FE0GG96FFCEG,2,Afternoon Peak (AP),153.0
602,0069FE0GG96FFCEG,1,Afternoon Peak (AP),234.0
603,0069FE0GG96FFCEG,1,Afternoon Peak (AP),331.0
604,0069FE0GG96FFCEG,1,Afternoon Peak (AP),2519.0
605,0069FE0GG96FFCEG,2,Afternoon Peak (AP),4109.0
606,0069FE0GG96FFCEG,7,Afternoon Peak (AP),4111.0
607,0069FE0GG96FFCEG,1,Afternoon Peak (AP),4112.0
608,0069FE0GG96FFCEG,1,Afternoon Peak (AP),10290.0
609,0069FE0GG96FFCEG,1,Afternoon Peak (AP),70777.0
610,0069FE0GG96FFCEG,1,Afternoon Peak (AP),72476.0
611,0069FE0GG96FFCEG,2,Afternoon Peak (AP),8000962.0
612,0069FE0GG96FFCEG,1,Afternoon Peak (AP),8002156.0
613,0069FE0GG96FFCEG,2,Afternoon Peak (AP),8002631.0
614,0069FE0GG96FFCEG,1,Afternoon Peak (AP),8002633.0
615,0069FE0GG96FFCEG,2,Afternoon Peak (AP),8002635.0
616,0069FE0GG96FFCEG,1,Afternoon Peak (AP),8002639.0
617,0069FE0GG96FFCEG,2,Afternoon Peak (AP),8501263.0
618,0069FE0GG96FFCEG,4,Afternoon Peak (AP),9007730.0
619,0069FE0GG96FFCEG,1,Afternoon Peak (AP),9008079.0
620,0069FE0GG96FFCEG,1,Afternoon Peak (AP),9036976.0
621,00EE0F003EGEB935,1,Afternoon Peak (AP),314.0
622,00EE0F003EGEB935,1,Afternoon Peak (AP),8809.0
623,00EE0F003EGEB935,9,Afternoon Peak (AP),9618.0
624,00EE0F003EGEB935,2,Afternoon Peak (AP),9650.0
625,00EE0F003EGEB935,6,Afternoon Peak (AP),16485.0
626,00EE0F003EGEB935,1,Afternoon Peak (AP),71108.0
627,00EE0F003EGEB935,15,Afternoon Peak (AP),71109.0
628,00EE0F003EGEB935,1,Afternoon Peak (AP),8000613.0
629,00EE0F003EGEB935,1,Afternoon Peak (AP),8002587.0
630,00EE0F003EGEB935,1,Afternoon Peak (AP),8501303.0
631,00EE0F003EGEB935,1,Afternoon Peak (AP),9010461.0
632,00EE0F003EGEB935,1,Afternoon Peak (AP),9012213.0
633,00EE0F00G95FBCB3,2,Afternoon Peak (AP),414.0
634,00EE0F00G95FBCB3,5,Afternoon Peak (AP),416.0
635,00EE0F00G95FBCB3,5,Afternoon Peak (AP),7954.0
636,00EE0F00G95FBCB3,4,Afternoon Peak (AP),8007.0
637,00EE0F00G95FBCB3,1,Afternoon Peak (AP),8048.0
638,00EE0F00G95FBCB3,1,Afternoon Peak (AP),8403.0
639,00EE0F00G95FBCB3,1,Afternoon Peak (AP),32160.0
640,00EE0F00G95FBCB3,3,Afternoon Peak (AP),33042.0
641,00EE0F00G95FBCB3,5,Afternoon Peak (AP),70034.0
642,00EE0F00G95FBCB3,1,Afternoon Peak (AP),72166.0
643,00EE0F00G95FBCB3,1,Afternoon Peak (AP),72360.0
644,00EE0F00G95FBCB3,2,Afternoon Peak (AP),72386.0
645,00EE0F00G95FBCB3,3,Afternoon Peak (AP),72591.0
646,00EE0F00G95FBCB3,1,Afternoon Peak (AP),72869.0
647,00EE0F00G95FBCB3,2,Afternoon Peak (AP),75126.0
648,00EE0F00G95FBCB3,1,Afternoon Peak (AP),75201.0
649,00EE0F00G95FBCB3,1,Afternoon Peak (AP),76729.0
650,00EE0F00G95FBCB3,15,Afternoon Peak (AP),8000547.0
651,00EE0F00G95FBCB3,1,Afternoon Peak (AP),8002383.0
652,00EE0F00G95FBCB3,1,Afternoon Peak (AP),8003153.0
653,00EE0F00G95FBCB3,6,Afternoon Peak (AP),8501010.0
654,00EE0F00G95FBCB3,1,Afternoon Peak (AP),8501188.0
655,00EE0F00G95FBCB3,1,Afternoon Peak (AP),8501293.0
656,00EE0F00G95FBCB3,2,Afternoon Peak (AP),9008852.0
657,00EE0F00G95FBCB3,2,Afternoon Peak (AP),9008879.0
658,00EE0F00G95FBCB3,7,Afternoon Peak (AP),9008893.0
659,00EE0F00G95FBCB3,1,Afternoon Peak (AP),9009013.0
660,00EE0F00G95FBCB3,1,Afternoon Peak (AP),9009164.0
661,00EE0F00G95FBCB3,2,Afternoon Peak (AP),9009172.0
662,00EE0F00G95FBCB3,1,Afternoon Peak (AP),9009533.0
663,00EE0F00G95FBCB3,1,Afternoon Peak (AP),9011580.0
664,00EE0F00G95FBCB3,2,Afternoon Peak (AP),9011881.0
665,00EE0F00G95FBCB3,20,Afternoon Peak (AP),9011882.0
666,00EE0F00G95FBCB3,1,Afternoon Peak (AP),9011918.0
667,00EE0F00G95FBCB3,2,Afternoon Peak (AP),9011993.0
668,00EE0F00G95FBCB3,1,Afternoon Peak (AP),9012002.0
669,0659FG0C0GF60366,1,Afternoon Peak (AP),9883.0
670,0659FG0C0GF60366,1,Afternoon Peak (AP),71216.0
671,0659FG0C0GF60366,1,Afternoon Peak (AP),71612.0
672,0659FG0C0GF60366,1,Afternoon Peak (AP),72028.0
673,0659FG0C0GF60366,1,Afternoon Peak (AP),74700.0
674,0659FG0C0GF60366,1,Afternoon Peak (AP),8000547.0
675,0659FG0C0GF60366,1,Afternoon Peak (AP),9007249.0
676,0659FG0C0GF60366,1,Afternoon Peak (AP),9011492.0
677,0E6E0FG003G395F6,4,Afternoon Peak (AP),1751.0
678,0E6E0FG00F03909B,3,Afternoon Peak (AP),1854.0
679,0E6E0FG00F03909B,23,Afternoon Peak (AP),2823.0
680,0E6E0FG0E0CE3EG3,1,Afternoon Peak (AP),152.0
681,0E6E0FG0E0CE3EG3,7,Afternoon Peak (AP),153.0
682,0E6E0FG0E0CE3EG3,1,Afternoon Peak (AP),154.0
683,0E6E0FG0E0CE3EG3,10,Afternoon Peak (AP),155.0
684,0E6E0FG0E0CE3EG3,31,Afternoon Peak (AP),319.0
685,0E6E0FG0E0CE3EG3,1,Afternoon Peak (AP),335.0
686,0E6E0FG0E0CE3EG3,30,Afternoon Peak (AP),2824.0
687,0E6E0FG0EG9EC9FB,1,Afternoon Peak (AP),1903.0
688,0E6E0FG0EG9EC9FB,1,Afternoon Peak (AP),1905.0
689,0E6E0FG0EG9EC9FB,27,Afternoon Peak (AP),1907.0
690,0E6E0FG0EG9EC9FB,10,Afternoon Peak (AP),1912.0
691,0E6E0FG0EG9EC9FB,3,Afternoon Peak (AP),1913.0
692,B00E00030E003E5B0E5C,2,Afternoon Peak (AP),2801989.0
693,B0E53E00396GEFGB,1,Afternoon Peak (AP),326.0
694,B0E53E00396GEFGB,1,Afternoon Peak (AP),70159.0
695,B0E53E00396GEFGB,1,Afternoon Peak (AP),70163.0
696,B0E53E00396GEFGB,1,Afternoon Peak (AP),71314.0
697,B0E53E00396GEFGB,1,Afternoon Peak (AP),74012.0
698,B0E53E00396GEFGB,1,Afternoon Peak (AP),2802006.0
699,E00E000E0000CEGFBCEE,3,Afternoon Peak (AP),9010035.0
700,E00E000E0000CEGFBCEE,7,Afternoon Peak (AP),9012168.0
701,E00E000E0000CEGFBCEE,1,Afternoon Peak (AP),9013192.0
702,E00E000E0000CEGFBCEE,1,Afternoon Peak (AP),9113192.0
703,E00E000E000E0CBF9FC5,1,Afternoon Peak (AP),2645.0
704,E00E000E000E0CBF9FC5,1,Afternoon Peak (AP),11084.0
705,E00E000E000E0CBF9FC5,1,Afternoon Peak (AP),11085.0
706,E00E000E000E0CBF9FC5,2,Afternoon Peak (AP),71499.0
707,E00E000E000E0CBF9FC5,3,Afternoon Peak (AP),71500.0
708,E00E000E000E0CBF9FC5,1,Afternoon Peak (AP),71936.0
709,E00E000G0E00B3CC655E,30,Afternoon Peak (AP),71580.0
710,E00E000G0E00B3CC655E,26,Afternoon Peak (AP),8000961.0
711,E00E000G0E00B3CC655E,2,Afternoon Peak (AP),9003610.0
712,E00E000G0E00B3CC655E,2,Afternoon Peak (AP),9003618.0
713,E00E000G0E00FC3FG99G,1,Afternoon Peak (AP),227.0
714,E00E000G0E00FC3FG99G,2,Afternoon Peak (AP),228.0
715,E00E000G0E00FC3FG99G,4,Afternoon Peak (AP),14406.0
716,E00E000G0E00FC3FG99G,1,Afternoon Peak (AP),60074.0
717,E00E000G0E00FC3FG99G,8,Afternoon Peak (AP),60077.0
718,E00E000G0E00FC3FG99G,1,Afternoon Peak (AP),70763.0
719,E00E000G0E00FC3FG99G,1,Afternoon Peak (AP),8501383.0
720,E00E000G0E00FC3FG99G,1,Afternoon Peak (AP),9010430.0
721,E00E000G0E00FC3FG99G,2,Afternoon Peak (AP),9010452.0
722,E50E0E9000CCC0CE,31,Afternoon Peak (AP),4209.0
723,E50E0E9000CCC0CE,7,Afternoon Peak (AP),71309.0
724,E50E0E9000CCC0CE,2,Afternoon Peak (AP),8001870.0
725,E50E0E9000CCC0CE,16,Afternoon Peak (AP),8001938.0
726,E909F909FGBB0006,1,Afternoon Peak (AP),159.0
727,E909F909FGBB0006,1,Afternoon Peak (AP),2640.0
728,E909F90C00CEG5E0,1,Afternoon Peak (AP),222.0
729,E909F90C00CEG5E0,2,Afternoon Peak (AP),238.0
730,E909F90C00CEG5E0,2,Afternoon Peak (AP),239.0
731,E909F90C00CEG5E0,1,Afternoon Peak (AP),327.0
732,E909F90C00CEG5E0,1,Afternoon Peak (AP),433.0
733,E909F90C00CEG5E0,1,Afternoon Peak (AP),2729.0
734,E909F90C00CEG5E0,4,Afternoon Peak (AP),4106.0
735,E909F90C00CEG5E0,1,Afternoon Peak (AP),4125.0
736,E909F90C00CEG5E0,1,Afternoon Peak (AP),4307.0
737,E909F90C00CEG5E0,1,Afternoon Peak (AP),7779.0
738,E909F90C00CEG5E0,3,Afternoon Peak (AP),71557.0
739,E909F90C00CEG5E0,1,Afternoon Peak (AP),8001711.0
740,E909F90C00CEG5E0,1,Afternoon Peak (AP),8002286.0
741,E909F90C00CEG5E0,3,Afternoon Peak (AP),8002436.0
742,E909F90C00CEG5E0,1,Afternoon Peak (AP),8002640.0
743,E909F90C00CEG5E0,1,Afternoon Peak (AP),9003641.0
744,E909F90C00CEG5E0,1,Afternoon Peak (AP),9003644.0
745,E909F90C00CEG5E0,1,Afternoon Peak (AP),9003646.0
746,E909F90C00CEG5E0,1,Afternoon Peak (AP),9007608.0
747,E909F90C00CEG5E0,1,Afternoon Peak (AP),9009555.0
748,E909F90C00CEG5E0,1,Afternoon Peak (AP),9103652.0
749,E909F90C9ECB990B,1,Afternoon Peak (AP),421.0
750,E909F90C9ECB990B,1,Afternoon Peak (AP),2720.0
751,EEEE0F000C0B330C,1,Afternoon Peak (AP),2632.0
752,EEEE0F000C0B330C,1,Afternoon Peak (AP),9679.0
753,EGF9FE0G9C306609,1,Afternoon Peak (AP),2823.0
754,EGF9FE0G9C306609,2,Afternoon Peak (AP),2826.0
755,FE09FF5BBFBE609E,1,Afternoon Peak (AP),233.0
756,FE09FF5BBFBE609E,1,Afternoon Peak (AP),1952.0
757,FG09FF5363B0F05E,1,Afternoon Peak (AP),9008981.0
758,FG09FF5363B0F05E,3,Afternoon Peak (AP),9011866.0
759,FGFF5EC59B0E60G0,1,Afternoon Peak (AP),212.0
760,FGFF5EC59B0E60G0,3,Afternoon Peak (AP),329.0
761,FGFF5EC59B0E60G0,28,Afternoon Peak (AP),418.0
762,FGFF5EC59B0E60G0,2,Afternoon Peak (AP),1201.0
763,FGFF5EC59B0E60G0,1,Afternoon Peak (AP),1202.0
764,FGFF5EC59B0E60G0,30,Afternoon Peak (AP),2722.0
765,G3550GEB9560FEG9,6,Afternoon Peak (AP),230.0
766,G3550GEB9560FEG9,1,Afternoon Peak (AP),9797.0
767,G3550GEB9560FEG9,2,Afternoon Peak (AP),9871.0
768,G3550GEB9560FEG9,2,Afternoon Peak (AP),60060.0
769,G3550GEB9560FEG9,1,Afternoon Peak (AP),160060.0
770,G3550GEB9560FEG9,1,Afternoon Peak (AP),8003055.0
771,G3950GE30CGC5EG9,1,Afternoon Peak (AP),224.0
772,G3950GE30CGC5EG9,1,Afternoon Peak (AP),232.0
773,G3950GE30CGC5EG9,1,Afternoon Peak (AP),327.0
774,G3950GE30CGC5EG9,1,Afternoon Peak (AP),1004.0
775,G3950GE30CGC5EG9,1,Afternoon Peak (AP),2732.0
776,G3950GE30CGC5EG9,3,Afternoon Peak (AP),4117.0
777,G3950GE30CGC5EG9,1,Afternoon Peak (AP),4125.0
778,G3950GE30CGC5EG9,1,Afternoon Peak (AP),9896.0
779,G3950GE30CGC5EG9,1,Afternoon Peak (AP),9950.0
780,G3950GE30CGC5EG9,1,Afternoon Peak (AP),72789.0
781,G3950GE30CGC5EG9,3,Afternoon Peak (AP),74915.0
782,G3950GE30CGC5EG9,2,Afternoon Peak (AP),8001611.0
783,G3950GE30CGC5EG9,1,Afternoon Peak (AP),8001779.0
784,G3950GE30CGC5EG9,1,Afternoon Peak (AP),8002147.0
785,G3950GE30CGC5EG9,1,Afternoon Peak (AP),9136729.0
786,G5FF906EG5EF0EG9,20,Afternoon Peak (AP),420.0
787,G5FF906EG5EF0EG9,1,Afternoon Peak (AP),7197.0
788,G5FF906EG5EF0EG9,1,Afternoon Peak (AP),7806.0
789,G5FF906EG5EF0EG9,1,Afternoon Peak (AP),9014.0
790,G5FF906EG5EF0EG9,1,Afternoon Peak (AP),9072.0
791,G5FF906EG5EF0EG9,5,Afternoon Peak (AP),70143.0
792,G5FF906EG5EF0EG9,1,Afternoon Peak (AP),70144.0
793,G5FF906EG5EF0EG9,1,Afternoon Peak (AP),72260.0
794,G5FF906EG5EF0EG9,6,Afternoon Peak (AP),72358.0
795,G5FF906EG5EF0EG9,1,Afternoon Peak (AP),72390.0
796,G5FF906EG5EF0EG9,5,Afternoon Peak (AP),72534.0
797,G5FF906EG5EF0EG9,1,Afternoon Peak (AP),75106.0
798,G5FF906EG5EF0EG9,1,Afternoon Peak (AP),76729.0
799,G5FF906EG5EF0EG9,1,Afternoon Peak (AP),9000415.0
800,G5FF906EG5EF0EG9,2,Afternoon Peak (AP),9008695.0
801,000E0E005B05G33F,1,Non-Peak (NP),153.0
802,000E0E005B05G33F,1,Non-Peak (NP),206.0
803,000E0E005B05G33F,8,Non-Peak (NP),210.0
804,000E0E005B05G33F,1,Non-Peak (NP),213.0
805,000E0E005B05G33F,1,Non-Peak (NP),420.0
806,000E0E005B05G33F,1,Non-Peak (NP),1804.0
807,000E0E005B05G33F,2,Non-Peak (NP),2636.0
808,000E0E005B05G33F,7,Non-Peak (NP),7708.0
809,000E0E005B05G33F,1,Non-Peak (NP),7769.0
810,000E0E005B05G33F,1,Non-Peak (NP),8122.0
811,000E0E005B05G33F,1,Non-Peak (NP),8380.0
812,000E0E005B05G33F,23,Non-Peak (NP),8420.0
813,000E0E005B05G33F,1,Non-Peak (NP),9100.0
814,000E0E005B05G33F,1,Non-Peak (NP),72154.0
815,000E0E005B05G33F,9,Non-Peak (NP),72157.0
816,000E0E005B05G33F,1,Non-Peak (NP),72214.0
817,000E0E005B05G33F,1,Non-Peak (NP),72393.0
818,000E0E005B05G33F,5,Non-Peak (NP),72395.0
819,000E0E005B05G33F,1,Non-Peak (NP),72609.0
820,000E0E005B05G33F,1,Non-Peak (NP),75194.0
821,000E0E005B05G33F,4,Non-Peak (NP),75573.0
822,000E0E005B05G33F,3,Non-Peak (NP),8001827.0
823,000E0E005B05G33F,5,Non-Peak (NP),8002383.0
824,000E0E005B05G33F,1,Non-Peak (NP),8002513.0
825,000E0E005B05G33F,1,Non-Peak (NP),8002705.0
826,000E0E0096GCF6EB,4,Non-Peak (NP),232.0
827,000E0E0096GCF6EB,1,Non-Peak (NP),2532.0
828,000E0E0096GCF6EB,4,Non-Peak (NP),2554.0
829,000E0E0096GCF6EB,3,Non-Peak (NP),4209.0
830,000E0E0096GCF6EB,1,Non-Peak (NP),8871.0
831,000E0E0096GCF6EB,6,Non-Peak (NP),9279.0
832,000E0E0096GCF6EB,1,Non-Peak (NP),10022.0
833,000E0E0096GCF6EB,7,Non-Peak (NP),10711.0
834,000E0E0096GCF6EB,1,Non-Peak (NP),10718.0
835,000E0E0096GCF6EB,2,Non-Peak (NP),70235.0
836,000E0E0096GCF6EB,7,Non-Peak (NP),71349.0
837,000E0E0096GCF6EB,22,Non-Peak (NP),74915.0
838,000E0E0096GCF6EB,6,Non-Peak (NP),75928.0
839,000E0E0096GCF6EB,5,Non-Peak (NP),171349.0
840,000E0E0096GCF6EB,1,Non-Peak (NP),2800483.0
841,000E0E0096GCF6EB,2,Non-Peak (NP),2800489.0
842,000E0E0096GCF6EB,1,Non-Peak (NP),2800499.0
843,000E0E0096GCF6EB,5,Non-Peak (NP),8000652.0
844,000E0E0096GCF6EB,16,Non-Peak (NP),8001938.0
845,000E0E0096GCF6EB,8,Non-Peak (NP),8501279.0
846,000E0E0096GCF6EB,2,Non-Peak (NP),8501281.0
847,000E0E0096GCF6EB,2,Non-Peak (NP),8501282.0
848,000E0E0096GCF6EB,1,Non-Peak (NP),9010104.0
849,000E0E0096GCF6EB,3,Non-Peak (NP),9013169.0
850,000E0E0096GCF6EB,1,Non-Peak (NP),9034418.0
851,000E0E0096GCF6EB,1,Non-Peak (NP),9112145.0
852,000E0E00B009C090,1,Non-Peak (NP),221.0
853,000E0E00B009C090,1,Non-Peak (NP),223.0
854,000E0E00B009C090,1,Non-Peak (NP),420.0
855,000E0E00B009C090,12,Non-Peak (NP),1005.0
856,000E0E00B009C090,2,Non-Peak (NP),1804.0
857,000E0E00B009C090,2,Non-Peak (NP),1812.0
858,000E0E00B009C090,16,Non-Peak (NP),1815.0
859,000E0E00B009C090,1,Non-Peak (NP),2750.0
860,000E0E00B009C090,2,Non-Peak (NP),3116.0
861,000E0E00B009C090,3,Non-Peak (NP),3125.0
862,000E0E00B009C090,1,Non-Peak (NP),9652.0
863,000E0E00B009C090,1,Non-Peak (NP),2801315.0
864,000E0E00B009C090,4,Non-Peak (NP),8002595.0
865,000E0E0336EC0GEE,3,Non-Peak (NP),156.0
866,000E0E0336EC0GEE,4,Non-Peak (NP),157.0
867,000E0E0336EC0GEE,6,Non-Peak (NP),158.0
868,000E0E0336EC0GEE,1,Non-Peak (NP),211.0
869,000E0E0336EC0GEE,1,Non-Peak (NP),245.0
870,000E0E0336EC0GEE,1,Non-Peak (NP),318.0
871,000E0E0336EC0GEE,2,Non-Peak (NP),322.0
872,000E0E0336EC0GEE,1,Non-Peak (NP),2534.0
873,000E0E0336EC0GEE,1,Non-Peak (NP),2535.0
874,000E0E0336EC0GEE,1,Non-Peak (NP),2542.0
875,000E0E0336EC0GEE,7,Non-Peak (NP),2544.0
876,000E0E0336EC0GEE,1,Non-Peak (NP),2548.0
877,000E0E0336EC0GEE,1,Non-Peak (NP),2728.0
878,000E0E033F6FB5EC,18,Non-Peak (NP),2633.0
879,000E0E03596FCEFF,14,Non-Peak (NP),1015.0
880,000E0E03596FCEFF,1,Non-Peak (NP),1855.0
881,000E0E03596FCEFF,1,Non-Peak (NP),2551.0
882,000E0E0359G5035F,18,Non-Peak (NP),337.0
883,000E0E0359G5035F,2,Non-Peak (NP),2724.0
884,000E0E03C6565E5F,17,Non-Peak (NP),214.0
885,000E0E03C6565E5F,1,Non-Peak (NP),237.0
886,000E0E03C6565E5F,1,Non-Peak (NP),318.0
887,000E0E03C6565E5F,1,Non-Peak (NP),1951.0
888,000E0E03C6565E5F,2,Non-Peak (NP),2543.0
889,000E0E03C6565E5F,2,Non-Peak (NP),2548.0
890,000E0E0535660CF9,1,Non-Peak (NP),411.0
891,000E0E0535660CF9,2,Non-Peak (NP),416.0
892,000E0E0535660CF9,1,Non-Peak (NP),428.0
893,000E0E0535660CF9,1,Non-Peak (NP),1952.0
894,000E0E0535660CF9,2,Non-Peak (NP),2627.0
895,000E0E0535660CF9,23,Non-Peak (NP),2644.0
896,000E0E0535660CF9,2,Non-Peak (NP),2715.0
897,000E0E0535660CF9,1,Non-Peak (NP),2722.0
898,000E0E0535660CF9,13,Non-Peak (NP),8231.0
899,000E0E0535660CF9,4,Non-Peak (NP),8303.0
900,000E0E0535660CF9,1,Non-Peak (NP),70586.0
901,000E0E0535660CF9,1,Non-Peak (NP),71607.0
902,000E0E0535660CF9,1,Non-Peak (NP),72056.0
903,000E0E0535660CF9,2,Non-Peak (NP),72426.0
904,000E0E0535660CF9,4,Non-Peak (NP),72427.0
905,000E0E0535660CF9,1,Non-Peak (NP),8501278.0
906,000E0E0535660CF9,1,Non-Peak (NP),9009075.0
907,000E0E0535660CF9,1,Non-Peak (NP),9009083.0
908,000E0E0535660CF9,1,Non-Peak (NP),9011877.0
909,000E0E0535660CF9,1,Non-Peak (NP),9011895.0
910,000E0E0535660CF9,1,Non-Peak (NP),9111885.0
911,000E0E053E5FGC50,1,Non-Peak (NP),1004.0
912,000E0E053E5FGC50,2,Non-Peak (NP),8303.0
913,000E0E053E5FGC50,4,Non-Peak (NP),8402.0
914,000E0E053E5FGC50,2,Non-Peak (NP),10861.0
915,000E0E053E5FGC50,1,Non-Peak (NP),10896.0
916,000E0E053E5FGC50,1,Non-Peak (NP),10919.0
917,000E0E053E5FGC50,8,Non-Peak (NP),11009.0
918,000E0E053E5FGC50,3,Non-Peak (NP),15708.0
919,000E0E053E5FGC50,6,Non-Peak (NP),71621.0
920,000E0E053E5FGC50,1,Non-Peak (NP),72063.0
921,000E0E053E5FGC50,15,Non-Peak (NP),75420.0
922,000E0E053E5FGC50,1,Non-Peak (NP),8000717.0
923,000E0E053E5FGC50,1,Non-Peak (NP),8000781.0
924,000E0E053E5FGC50,1,Non-Peak (NP),8002329.0
925,000E0E053EBEEEEB,1,Non-Peak (NP),154.0
926,000E0E053EBEEEEB,34,Non-Peak (NP),335.0
927,000E0E053EBEEEEB,8,Non-Peak (NP),2639.0
928,000E0E053EBGFCCC,8,Non-Peak (NP),232.0
929,000E0E053EBGFCCC,4,Non-Peak (NP),240.0
930,000E0E053EBGFCCC,3,Non-Peak (NP),314.0
931,000E0E053EBGFCCC,17,Non-Peak (NP),1955.0
932,000E0E053EBGFCCC,1,Non-Peak (NP),8002636.0
933,000E0E053EBGFCCC,6,Non-Peak (NP),9010106.0
934,000E0E053EBGFCCC,1,Non-Peak (NP),9010137.0
935,000E0E053EBGFCCC,1,Non-Peak (NP),9010389.0
936,000E0E053EBGFCCC,4,Non-Peak (NP),9010397.0
937,000E0E05963C6599,5,Non-Peak (NP),9380.0
938,000E0E05963C6599,1,Non-Peak (NP),9475.0
939,000E0E05963C6599,4,Non-Peak (NP),9696.0
940,000E0E05963C6599,1,Non-Peak (NP),70117.0
941,000E0E05963C6599,1,Non-Peak (NP),71369.0
942,000E0E05963C6599,1,Non-Peak (NP),72391.0
943,000E0E05963C6599,1,Non-Peak (NP),74205.0
944,000E0E05963C6599,1,Non-Peak (NP),8000505.0
945,000E0E05963C6599,2,Non-Peak (NP),8000613.0
946,000E0E05963C6599,1,Non-Peak (NP),8001511.0
947,000E0E05963C6599,1,Non-Peak (NP),8001938.0
948,000E0E05963C6599,1,Non-Peak (NP),8002631.0
949,000E0E05963C6599,13,Non-Peak (NP),8002639.0
950,000E0E05963C6599,1,Non-Peak (NP),8002640.0
951,000E0E05963C6599,1,Non-Peak (NP),9001510.0
952,000E0E05B0BG0G0E,12,Non-Peak (NP),223.0
953,000E0E05B0BG0G0E,1,Non-Peak (NP),1455.0
954,000E0E05B0BG0G0E,4,Non-Peak (NP),7654.0
955,000E0E05B0BG0G0E,1,Non-Peak (NP),8582.0
956,000E0E05B0BG0G0E,1,Non-Peak (NP),9101.0
957,000E0E05B0BG0G0E,2,Non-Peak (NP),9150.0
958,000E0E05B0BG0G0E,3,Non-Peak (NP),9203.0
959,000E0E05B0BG0G0E,2,Non-Peak (NP),72164.0
960,000E0E05B0BG0G0E,3,Non-Peak (NP),72925.0
961,000E0E05B0BG0G0E,1,Non-Peak (NP),73857.0
962,000E0E05B0BG0G0E,7,Non-Peak (NP),8001903.0
963,000E0E05B0EC3FB5,1,Non-Peak (NP),212.0
964,000E0E05B0EC3FB5,2,Non-Peak (NP),213.0
965,000E0E05B0EC3FB5,1,Non-Peak (NP),216.0
966,000E0E05B0EC3FB5,1,Non-Peak (NP),220.0
967,000E0E05B0EC3FB5,7,Non-Peak (NP),2728.0
968,000E0E05B0EC3FB5,30,Non-Peak (NP),2736.0
969,000E0E05B0EC3FB5,7,Non-Peak (NP),11371.0
970,000E0E05B0EC3FB5,6,Non-Peak (NP),11379.0
971,000E0E05B0EC3FB5,1,Non-Peak (NP),11520.0
972,000E0E05B0EC3FB5,18,Non-Peak (NP),11529.0
973,000E0E05B0EC3FB5,2,Non-Peak (NP),11537.0
974,000E0E05B0EC3FB5,1,Non-Peak (NP),71999.0
975,000E0E05B0EC3FB5,1,Non-Peak (NP),9007817.0
976,000E0E05B0EC3FB5,3,Non-Peak (NP),9008500.0
977,000E0E05B0EC3FB5,1,Non-Peak (NP),9010905.0
978,000E0E05B0EC3FB5,1,Non-Peak (NP),9011650.0
979,000E0E05B0EC3FB5,1,Non-Peak (NP),9011666.0
980,000E0E05C3696935,1,Non-Peak (NP),231.0
981,000E0E05C3696935,9,Non-Peak (NP),234.0
982,000E0E05C3696935,2,Non-Peak (NP),2533.0
983,000E0E05C3696935,1,Non-Peak (NP),2742.0
984,000E0E05C3696935,11,Non-Peak (NP),2743.0
985,000E0E05C3696935,2,Non-Peak (NP),9530.0
986,000E0E05C3696935,1,Non-Peak (NP),9623.0
987,000E0E05C3696935,8,Non-Peak (NP),9667.0
988,000E0E05C3696935,1,Non-Peak (NP),9681.0
989,000E0E05C3696935,11,Non-Peak (NP),9684.0
990,000E0E05C3696935,1,Non-Peak (NP),9704.0
991,000E0E05C3696935,1,Non-Peak (NP),9872.0
992,000E0E05C3696935,2,Non-Peak (NP),9924.0
993,000E0E05C3696935,2,Non-Peak (NP),9927.0
994,000E0E05C3696935,1,Non-Peak (NP),9950.0
995,000E0E05C3696935,1,Non-Peak (NP),13268.0
996,000E0E05C3696935,1,Non-Peak (NP),70148.0
997,000E0E05C3696935,2,Non-Peak (NP),71301.0
998,000E0E05C3696935,2,Non-Peak (NP),71303.0
999,000E0E05C3696935,1,Non-Peak (NP),74202.0
1000,000E0E05C3696935,1,Non-Peak (NP),8003055.0
1001,000E0E05C3696935,2,Non-Peak (NP),8501282.0
1002,000E0E05C3696935,2,Non-Peak (NP),9009694.0
1003,000E0E05C3696935,1,Non-Peak (NP),9010379.0
1004,000E0E05C3696935,1,Non-Peak (NP),9012670.0
1005,000E0E05C3696935,1,Non-Peak (NP),9034812.0
1006,000E0E05C3696935,1,Non-Peak (NP),9109724.0
1007,000E0E05C3FGF0C0,1,Non-Peak (NP),157.0
1008,000E0E05C3FGF0C0,3,Non-Peak (NP),158.0
1009,000E0E05C3FGF0C0,1,Non-Peak (NP),159.0
1010,000E0E05C3FGF0C0,4,Non-Peak (NP),1015.0
1011,000E0E05C3FGF0C0,1,Non-Peak (NP),75440.0
1012,000E0E05G333E6CF,4,Non-Peak (NP),156.0
1013,000E0E05G333E6CF,2,Non-Peak (NP),206.0
1014,000E0E05G333E6CF,1,Non-Peak (NP),232.0
1015,000E0E05G333E6CF,1,Non-Peak (NP),323.0
1016,000E0E05G333E6CF,1,Non-Peak (NP),7693.0
1017,000E0E05G333E6CF,8,Non-Peak (NP),72574.0
1018,000E0E05G333E6CF,9,Non-Peak (NP),72575.0
1019,000E0E06363G90GE,6,Non-Peak (NP),150.0
1020,000E0E06363G90GE,1,Non-Peak (NP),152.0
1021,000E0E06363G90GE,1,Non-Peak (NP),153.0
1022,000E0E06363G90GE,5,Non-Peak (NP),157.0
1023,000E0E06363G90GE,1,Non-Peak (NP),205.0
1024,000E0E06363G90GE,1,Non-Peak (NP),210.0
1025,000E0E06363G90GE,17,Non-Peak (NP),226.0
1026,000E0E06363G90GE,1,Non-Peak (NP),242.0
1027,000E0E06363G90GE,8,Non-Peak (NP),423.0
1028,000E0E06363G90GE,8,Non-Peak (NP),425.0
1029,000E0E06363G90GE,7,Non-Peak (NP),426.0
1030,000E0E06363G90GE,4,Non-Peak (NP),427.0
1031,000E0E06363G90GE,1,Non-Peak (NP),430.0
1032,000E0E06363G90GE,1,Non-Peak (NP),433.0
1033,000E0E06363G90GE,1,Non-Peak (NP),2621.0
1034,000E0E06363G90GE,8,Non-Peak (NP),2628.0
1035,000E0E069EBGC0FG,1,Non-Peak (NP),216.0
1036,000E0E069EBGC0FG,31,Non-Peak (NP),2530.0
1037,000E0E069EBGC0FG,33,Non-Peak (NP),2531.0
1038,000E0E06F00936FB,24,Non-Peak (NP),1754.0
1039,000E0E06F00936FB,1,Non-Peak (NP),1755.0
1040,000E0E06F00936FB,34,Non-Peak (NP),1757.0
1041,000E0E06GFF6C559,1,Non-Peak (NP),1005.0
1042,000E0E06GFF6C559,3,Non-Peak (NP),1032.0
1043,000E0E06GFF6C559,1,Non-Peak (NP),1703.0
1044,000E0E06GFF6C559,1,Non-Peak (NP),9426.0
1045,000E0E06GFF6C559,1,Non-Peak (NP),9507.0
1046,000E0E06GFF6C559,1,Non-Peak (NP),9612.0
1047,000E0E06GFF6C559,1,Non-Peak (NP),71375.0
1048,000E0E06GFF6C559,1,Non-Peak (NP),76305.0
1049,000E0E06GFFBG5E0,1,Non-Peak (NP),8650.0
1050,000E0E06GFFBG5E0,16,Non-Peak (NP),8684.0
1051,000E0E06GFFBG5E0,1,Non-Peak (NP),9238.0
1052,000E0E06GFFBG5E0,4,Non-Peak (NP),70170.0
1053,000E0E06GFFBG5E0,12,Non-Peak (NP),70176.0
1054,000E0E06GFFBG5E0,3,Non-Peak (NP),70177.0
1055,000E0E06GFFBG5E0,8,Non-Peak (NP),71205.0
1056,000E0E06GFFBG5E0,15,Non-Peak (NP),71206.0
1057,000E0E06GFFBG5E0,1,Non-Peak (NP),71216.0
1058,000E0E06GFFBG5E0,1,Non-Peak (NP),75466.0
1059,000E0E06GFFBG5E0,1,Non-Peak (NP),75467.0
1060,000E0E06GFFBG5E0,6,Non-Peak (NP),8000365.0
1061,000E0E06GFFBG5E0,2,Non-Peak (NP),8000645.0
1062,000E0E06GFFBG5E0,1,Non-Peak (NP),8002162.0
1063,000E0E06GFFBG5E0,1,Non-Peak (NP),8501293.0
1064,000E0E06GFFBG5E0,1,Non-Peak (NP),9000425.0
1065,000E0E06GFFBG5E0,1,Non-Peak (NP),9000449.0
1066,000E0E06GFFBG5E0,4,Non-Peak (NP),9011268.0
1067,000E0E06GFFBG5E0,4,Non-Peak (NP),9011291.0
1068,000E0E06GFFBG5E0,1,Non-Peak (NP),9011395.0
1069,000E0E06GFFBG5E0,1,Non-Peak (NP),9034738.0
1070,000E0E0B53GBCG33,22,Non-Peak (NP),238.0
1071,000E0E0B53GBCG33,1,Non-Peak (NP),1850.0
1072,000E0E0B53GBCG33,1,Non-Peak (NP),2513.0
1073,000E0E0B53GBCG33,2,Non-Peak (NP),2519.0
1074,000E0E0B53GBCG33,1,Non-Peak (NP),2623.0
1075,000E0E0B53GBCG33,7,Non-Peak (NP),2624.0
1076,000E0E0B595GFF99,1,Non-Peak (NP),150.0
1077,000E0E0B595GFF99,3,Non-Peak (NP),152.0
1078,000E0E0B595GFF99,8,Non-Peak (NP),153.0
1079,000E0E0B595GFF99,3,Non-Peak (NP),154.0
1080,000E0E0B595GFF99,2,Non-Peak (NP),155.0
1081,000E0E0B595GFF99,10,Non-Peak (NP),226.0
1082,000E0E0B595GFF99,25,Non-Peak (NP),234.0
1083,000E0E0B595GFF99,1,Non-Peak (NP),425.0
1084,000E0E0B595GFF99,1,Non-Peak (NP),1706.0
1085,000E0E0B595GFF99,1,Non-Peak (NP),1805.0
1086,000E0E0BFG05E659,2,Non-Peak (NP),153.0
1087,000E0E0BFG05E659,2,Non-Peak (NP),206.0
1088,000E0E0BFG05E659,9,Non-Peak (NP),417.0
1089,000E0E0BFG05E659,34,Non-Peak (NP),419.0
1090,000E0E0BFG05E659,1,Non-Peak (NP),2548.0
1091,000E0E0BG99G63C6,33,Non-Peak (NP),1804.0
1092,000E0E0BG99G63C6,33,Non-Peak (NP),1885.0
1093,000E0E0BGGC6F39F,3,Non-Peak (NP),217.0
1094,000E0E0BGGC6F39F,1,Non-Peak (NP),223.0
1095,000E0E0BGGC6F39F,1,Non-Peak (NP),225.0
1096,000E0E0BGGC6F39F,1,Non-Peak (NP),228.0
1097,000E0E0BGGC6F39F,3,Non-Peak (NP),230.0
1098,000E0E0BGGC6F39F,2,Non-Peak (NP),232.0
1099,000E0E0BGGC6F39F,2,Non-Peak (NP),1024.0
1100,000E0E0BGGC6F39F,1,Non-Peak (NP),1851.0
1101,000E0E0BGGC6F39F,2,Non-Peak (NP),1852.0
1102,000E0E0BGGC6F39F,1,Non-Peak (NP),2516.0
1103,000E0E0BGGC6F39F,2,Non-Peak (NP),2549.0
1104,000E0E0BGGC6F39F,14,Non-Peak (NP),9635.0
1105,000E0E0BGGC6F39F,1,Non-Peak (NP),9670.0
1106,000E0E0BGGC6F39F,9,Non-Peak (NP),9679.0
1107,000E0E0BGGC6F39F,31,Non-Peak (NP),9704.0
1108,000E0E0BGGC6F39F,1,Non-Peak (NP),9773.0
1109,000E0E0BGGC6F39F,1,Non-Peak (NP),10034.0
1110,000E0E0BGGC6F39F,13,Non-Peak (NP),71320.0
1111,000E0E0BGGC6F39F,3,Non-Peak (NP),76424.0
1112,000E0E0BGGC6F39F,24,Non-Peak (NP),76425.0
1113,000E0E0BGGC6F39F,2,Non-Peak (NP),8003055.0
1114,000E0E0BGGC6F39F,1,Non-Peak (NP),9009687.0
1115,000E0E0CCE30C6FB,1,Non-Peak (NP),10876.0
1116,000E0E0E56CBGGBB,1,Non-Peak (NP),7197.0
1117,000E0E0E56CBGGBB,1,Non-Peak (NP),7917.0
1118,000E0E0E56CBGGBB,1,Non-Peak (NP),9238.0
1119,000E0E0E56CBGGBB,1,Non-Peak (NP),70147.0
1120,000E0E0E56CBGGBB,1,Non-Peak (NP),70173.0
1121,000E0E0E56CBGGBB,10,Non-Peak (NP),70176.0
1122,000E0E0E56CBGGBB,1,Non-Peak (NP),71113.0
1123,000E0E0E56CBGGBB,1,Non-Peak (NP),71196.0
1124,000E0E0E56CBGGBB,4,Non-Peak (NP),71199.0
1125,000E0E0E56CBGGBB,6,Non-Peak (NP),71205.0
1126,000E0E0E56CBGGBB,2,Non-Peak (NP),71216.0
1127,000E0E0E56CBGGBB,3,Non-Peak (NP),71613.0
1128,000E0E0E56CBGGBB,4,Non-Peak (NP),72012.0
1129,000E0E0E56CBGGBB,8,Non-Peak (NP),72028.0
1130,000E0E0E56CBGGBB,1,Non-Peak (NP),72247.0
1131,000E0E0E56CBGGBB,1,Non-Peak (NP),72248.0
1132,000E0E0E56CBGGBB,8,Non-Peak (NP),72262.0
1133,000E0E0E56CBGGBB,10,Non-Peak (NP),72263.0
1134,000E0E0E56CBGGBB,1,Non-Peak (NP),72266.0
1135,000E0E0E56CBGGBB,3,Non-Peak (NP),72390.0
1136,000E0E0E56CBGGBB,1,Non-Peak (NP),72595.0
1137,000E0E0E56CBGGBB,1,Non-Peak (NP),72924.0
1138,000E0E0E56CBGGBB,1,Non-Peak (NP),72964.0
1139,000E0E0E56CBGGBB,1,Non-Peak (NP),73878.0
1140,000E0E0E56CBGGBB,1,Non-Peak (NP),75185.0
1141,000E0E0E56CBGGBB,1,Non-Peak (NP),8000505.0
1142,000E0E0E56CBGGBB,2,Non-Peak (NP),8000821.0
1143,000E0E0E56CBGGBB,2,Non-Peak (NP),8002162.0
1144,000E0E0E56CBGGBB,1,Non-Peak (NP),8501282.0
1145,000E0E0E6E6C905F,1,Non-Peak (NP),7781.0
1146,000E0E0E6E6C905F,1,Non-Peak (NP),8120.0
1147,000E0E0E6E6C905F,1,Non-Peak (NP),8132.0
1148,000E0E0E6E6C905F,1,Non-Peak (NP),8304.0
1149,000E0E0E6E6C905F,1,Non-Peak (NP),8415.0
1150,000E0E0E6E6C905F,4,Non-Peak (NP),11816.0
1151,000E0E0E6E6C905F,1,Non-Peak (NP),12106.0
1152,000E0E0E6E6C905F,4,Non-Peak (NP),12136.0
1153,000E0E0E6E6C905F,9,Non-Peak (NP),12154.0
1154,000E0E0E6E6C905F,12,Non-Peak (NP),12205.0
1155,000E0E0E6E6C905F,1,Non-Peak (NP),13020.0
1156,000E0E0E6E6C905F,1,Non-Peak (NP),14432.0
1157,000E0E0E6E6C905F,1,Non-Peak (NP),15745.0
1158,000E0E0E6E6C905F,1,Non-Peak (NP),32887.0
1159,000E0E0E6E6C905F,2,Non-Peak (NP),70915.0
1160,000E0E0E6E6C905F,1,Non-Peak (NP),70916.0
1161,000E0E0E6E6C905F,2,Non-Peak (NP),70917.0
1162,000E0E0E6E6C905F,1,Non-Peak (NP),70918.0
1163,000E0E0E6E6C905F,1,Non-Peak (NP),70932.0
1164,000E0E0E6E6C905F,1,Non-Peak (NP),70958.0
1165,000E0E0E6E6C905F,1,Non-Peak (NP),70960.0
1166,000E0E0E6E6C905F,11,Non-Peak (NP),70976.0
1167,000E0E0E6E6C905F,1,Non-Peak (NP),71456.0
1168,000E0E0E6E6C905F,2,Non-Peak (NP),71473.0
1169,000E0E0E6E6C905F,1,Non-Peak (NP),72845.0
1170,000E0E0E6E6C905F,1,Non-Peak (NP),72846.0
1171,000E0E0E6E6C905F,1,Non-Peak (NP),72880.0
1172,000E0E0E6E6C905F,4,Non-Peak (NP),72903.0
1173,000E0E0E6E6C905F,1,Non-Peak (NP),73214.0
1174,000E0E0E6E6C905F,2,Non-Peak (NP),8000242.0
1175,000E0E0E6E6C905F,4,Non-Peak (NP),8002953.0
1176,000E0E0E6E6C905F,1,Non-Peak (NP),9002702.0
1177,000E0E0E6E6C905F,1,Non-Peak (NP),9002711.0
1178,000E0E0E6E6C905F,1,Non-Peak (NP),9005348.0
1179,000E0E0E6E6C905F,1,Non-Peak (NP),9005350.0
1180,000E0E0E6E6C905F,1,Non-Peak (NP),9005365.0
1181,000E0E0E6E6C905F,1,Non-Peak (NP),9005367.0
1182,000E0E0E6E6C905F,1,Non-Peak (NP),9022115.0
1183,000E0E0E6E6C905F,1,Non-Peak (NP),9036527.0
1184,000E0E0E6E6C905F,1,Non-Peak (NP),9036829.0
1185,000E0E0E965ECGBC,1,Non-Peak (NP),157.0
1186,000E0E0E965ECGBC,17,Non-Peak (NP),2540.0
1187,000E0E0E965ECGBC,1,Non-Peak (NP),74700.0
1188,000E0E0E965ECGBC,1,Non-Peak (NP),74919.0
1189,000E0E0E965ECGBC,1,Non-Peak (NP),75233.0
1190,000E0E0E965ECGBC,1,Non-Peak (NP),75465.0
1191,000E0E0E965ECGBC,1,Non-Peak (NP),9007147.0
1192,000E0E0E965ECGBC,1,Non-Peak (NP),9007648.0
1193,000E0E0E965ECGBC,1,Non-Peak (NP),9011488.0
1194,000E0E0E965ECGBC,2,Non-Peak (NP),9107107.0
1195,000E0E0E99BFG9G5,1,Non-Peak (NP),156.0
1196,000E0E0E99BFG9G5,1,Non-Peak (NP),158.0
1197,000E0E0E99BFG9G5,1,Non-Peak (NP),1004.0
1198,000E0E0E99BFG9G5,1,Non-Peak (NP),1803.0
1199,000E0E0E99BFG9G5,3,Non-Peak (NP),10958.0
1200,000E0E0E99BFG9G5,1,Non-Peak (NP),72541.0
1201,000E0E0E99BFG9G5,9,Non-Peak (NP),8001020.0
1202,000E0E0E9B00E9E0,2,Non-Peak (NP),154.0
1203,000E0E0E9B00E9E0,2,Non-Peak (NP),157.0
1204,000E0E0E9B00E9E0,2,Non-Peak (NP),1014.0
1205,000E0E0E9B00E9E0,2,Non-Peak (NP),1203.0
1206,000E0E0E9B00E9E0,15,Non-Peak (NP),2732.0
1207,000E0E0E9B00E9E0,1,Non-Peak (NP),11420.0
1208,000E0E0E9B30B903,6,Non-Peak (NP),154.0
1209,000E0E0E9B30B903,1,Non-Peak (NP),310.0
1210,000E0E0E9B30B903,1,Non-Peak (NP),414.0
1211,000E0E0E9B30B903,11,Non-Peak (NP),417.0
1212,000E0E0E9B30B903,20,Non-Peak (NP),8952.0
1213,000E0E0E9B30B903,1,Non-Peak (NP),12884.0
1214,000E0E0E9B30B903,1,Non-Peak (NP),71612.0
1215,000E0E0E9B30B903,1,Non-Peak (NP),71613.0
1216,000E0E0E9B30B903,1,Non-Peak (NP),73119.0
1217,000E0E0E9B955FG0,1,Non-Peak (NP),329.0
1218,000E0E0E9B955FG0,17,Non-Peak (NP),330.0
1219,000E0E0E9B955FG0,1,Non-Peak (NP),13446.0
1220,000E0E0E9B955FG0,1,Non-Peak (NP),13499.0
1221,000E0E0E9B955FG0,1,Non-Peak (NP),70381.0
1222,000E0E0E9B955FG0,5,Non-Peak (NP),70392.0
1223,000E0E0E9BEBGGGF,1,Non-Peak (NP),152.0
1224,000E0E0E9BEBGGGF,17,Non-Peak (NP),220.0
1225,000E0E0E9BEBGGGF,1,Non-Peak (NP),409.0
1226,000E0E0E9BEBGGGF,1,Non-Peak (NP),2640.0
1227,000E0E0E9BEBGGGF,4,Non-Peak (NP),2642.0
1228,000E0E0E9C65335F,2,Non-Peak (NP),226.0
1229,000E0E0E9C65335F,1,Non-Peak (NP),227.0
1230,000E0E0E9C65335F,1,Non-Peak (NP),228.0
1231,000E0E0E9C65335F,7,Non-Peak (NP),229.0
1232,000E0E0E9C65335F,1,Non-Peak (NP),230.0
1233,000E0E0E9C65335F,1,Non-Peak (NP),234.0
1234,000E0E0E9C65335F,17,Non-Peak (NP),331.0
1235,000E0E0E9C65335F,1,Non-Peak (NP),433.0
1236,000E0E0F365GBEGE,2,Non-Peak (NP),419.0
1237,000E0E0F365GBEGE,27,Non-Peak (NP),420.0
1238,000E0E0F365GBEGE,1,Non-Peak (NP),425.0
1239,000E0E0F365GBEGE,1,Non-Peak (NP),12863.0
1240,000E0E0F365GBEGE,2,Non-Peak (NP),70174.0
1241,000E0E0F365GBEGE,4,Non-Peak (NP),70720.0
1242,000E0E0F365GBEGE,1,Non-Peak (NP),71196.0
1243,000E0E0F365GBEGE,1,Non-Peak (NP),71612.0
1244,000E0E0F365GBEGE,2,Non-Peak (NP),71614.0
1245,000E0E0F365GBEGE,2,Non-Peak (NP),72027.0
1246,000E0E0F365GBEGE,13,Non-Peak (NP),72028.0
1247,000E0E0F365GBEGE,1,Non-Peak (NP),72029.0
1248,000E0E0F365GBEGE,1,Non-Peak (NP),72151.0
1249,000E0E0F365GBEGE,1,Non-Peak (NP),72259.0
1250,000E0E0F365GBEGE,1,Non-Peak (NP),72261.0
1251,000E0E0F365GBEGE,5,Non-Peak (NP),72262.0
1252,000E0E0F365GBEGE,1,Non-Peak (NP),72361.0
1253,000E0E0F365GBEGE,1,Non-Peak (NP),72572.0
1254,000E0E0F365GBEGE,1,Non-Peak (NP),72573.0
1255,000E0E0F365GBEGE,1,Non-Peak (NP),74700.0
1256,000E0E0F365GBEGE,1,Non-Peak (NP),74876.0
1257,000E0E0F365GBEGE,2,Non-Peak (NP),75229.0
1258,000E0E0F365GBEGE,1,Non-Peak (NP),75492.0
1259,000E0E0F9EE6F653,1,Non-Peak (NP),208.0
1260,000E0E0F9EE6F653,1,Non-Peak (NP),232.0
1261,000E0E0F9EE6F653,1,Non-Peak (NP),326.0
1262,000E0E0F9EE6F653,1,Non-Peak (NP),411.0
1263,000E0E0F9EE6F653,29,Non-Peak (NP),414.0
1264,000E0E0F9EE6F653,17,Non-Peak (NP),1849.0
1265,000E0E0F9EE6F653,1,Non-Peak (NP),2731.0
1266,000E0E0F9EE6F653,5,Non-Peak (NP),2732.0
1267,000E0E0F9EE6F653,2,Non-Peak (NP),9231.0
1268,000E0E0FB0BC996B,17,Non-Peak (NP),309.0
1269,000E0E0FB0BC996B,13,Non-Peak (NP),311.0
1270,000E0E0FB0BC996B,17,Non-Peak (NP),1951.0
1271,000E0E0FEB050BFB,4,Non-Peak (NP),222.0
1272,000E0E0FEB050BFB,1,Non-Peak (NP),2645.0
1273,000E0E0FEE069G55,5,Non-Peak (NP),153.0
1274,000E0E0FEE069G55,1,Non-Peak (NP),311.0
1275,000E0E0FEE069G55,4,Non-Peak (NP),318.0
1276,000E0E0FEE069G55,17,Non-Peak (NP),319.0
1277,000E0E0FEE0906CE,1,Non-Peak (NP),152.0
1278,000E0E0FEE0906CE,1,Non-Peak (NP),153.0
1279,000E0E0FEE0906CE,1,Non-Peak (NP),155.0
1280,000E0E0FEE0906CE,1,Non-Peak (NP),233.0
1281,000E0E0FEE0906CE,1,Non-Peak (NP),1004.0
1282,000E0E0FEE0906CE,2,Non-Peak (NP),1756.0
1283,000E0E0FEE0906CE,1,Non-Peak (NP),2535.0
1284,000E0E0FEE0906CE,30,Non-Peak (NP),2743.0
1285,000E0E0FEE0906CE,4,Non-Peak (NP),2744.0
1286,000E0E0FEE0906CE,29,Non-Peak (NP),2747.0
1287,000E0E0FEE0906CE,1,Non-Peak (NP),4119.0
1288,000E0E0FEE0906CE,1,Non-Peak (NP),4309.0
1289,000E0E0FEE0906CE,1,Non-Peak (NP),9865.0
1290,000E0E0FEE0906CE,1,Non-Peak (NP),9950.0
1291,000E0E0FEE0906CE,1,Non-Peak (NP),9974.0
1292,000E0E0FEE0906CE,1,Non-Peak (NP),10529.0
1293,000E0E0FEE0906CE,1,Non-Peak (NP),14518.0
1294,000E0E0FEE0906CE,1,Non-Peak (NP),71308.0
1295,000E0E0FEE0906CE,1,Non-Peak (NP),8003170.0
1296,000E0E0FEE0906CE,6,Non-Peak (NP),9009696.0
1297,000E0E0FEE0906CE,2,Non-Peak (NP),9009702.0
1298,000E0E0FEE0906CE,1,Non-Peak (NP),9012629.0
1299,000E0E0FEE0969E0,1,Non-Peak (NP),227.0
1300,000E0E0FEE0969E0,4,Non-Peak (NP),228.0
1301,000E0E0FEE0969E0,1,Non-Peak (NP),230.0
1302,000E0E0FEE0969E0,2,Non-Peak (NP),1004.0
1303,000E0E0FEE0969E0,6,Non-Peak (NP),2554.0
1304,000E0E0FEE0969E0,18,Non-Peak (NP),2731.0
1305,000E0E0FEE5G05CC,17,Non-Peak (NP),201.0
1306,000E0E0FEE5G05CC,5,Non-Peak (NP),429.0
1307,000E0E0FEE660C55,5,Non-Peak (NP),207.0
1308,000E0E0FEE660C55,1,Non-Peak (NP),1219.0
1309,000E0E0FEE660C55,33,Non-Peak (NP),2551.0
1310,000E0E0FEE660C55,1,Non-Peak (NP),4208.0
1311,000E0E0G3G0396E0,1,Non-Peak (NP),151.0
1312,000E0E0G3G0396E0,12,Non-Peak (NP),227.0
1313,000E0E0G3G0396E0,1,Non-Peak (NP),234.0
1314,000E0E0G3G0396E0,1,Non-Peak (NP),316.0
1315,000E0E0G3G0396E0,1,Non-Peak (NP),1005.0
1316,000E0E0G3G3509FG,1,Non-Peak (NP),155.0
1317,000E0E0G3G3509FG,11,Non-Peak (NP),157.0
1318,000E0E0G3G3509FG,2,Non-Peak (NP),159.0
1319,000E0E0G3G3509FG,26,Non-Peak (NP),1020.0
1320,000E0E0G3G3509FG,1,Non-Peak (NP),2637.0
1321,000E0E0G3G3509FG,1,Non-Peak (NP),2715.0
1322,000E0E0G3G3509FG,28,Non-Peak (NP),2717.0
1323,000E0E0G3GC936BB,1,Non-Peak (NP),223.0
1324,000E0E0G3GC936BB,1,Non-Peak (NP),2533.0
1325,000E0E0G3GC936BB,1,Non-Peak (NP),4108.0
1326,000E0E0G3GC936BB,18,Non-Peak (NP),4109.0
1327,000E0E0G3GC936BB,1,Non-Peak (NP),8001433.0
1328,000E0E0G65EFG56G,1,Non-Peak (NP),158.0
1329,000E0E0G65EFG56G,1,Non-Peak (NP),425.0
1330,000E0E0G65EFG56G,6,Non-Peak (NP),1451.0
1331,000E0E0G65EFG56G,1,Non-Peak (NP),2742.0
1332,000E0E0G65EFG56G,1,Non-Peak (NP),8612.0
1333,000E0E0G65EFG56G,1,Non-Peak (NP),71304.0
1334,000E0E0G65EFG56G,1,Non-Peak (NP),8001612.0
1335,000E0E0G65EFG56G,1,Non-Peak (NP),9009678.0
1336,000E0E0G65EFG56G,1,Non-Peak (NP),9009778.0
1337,000E0E0G65EFG56G,1,Non-Peak (NP),9010306.0
1338,000E0E0G65EFG56G,1,Non-Peak (NP),9012628.0
1339,000E0E0G65EFG56G,4,Non-Peak (NP),9136735.0
1340,000E0E0GBE5B6C9F,1,Non-Peak (NP),317.0
1341,000E0E0GBE5B6C9F,5,Non-Peak (NP),326.0
1342,000E0E0GBE5B6C9F,5,Non-Peak (NP),329.0
1343,000E0E0GBE5B6C9F,1,Non-Peak (NP),1701.0
1344,000E0E0GBE5B6C9F,1,Non-Peak (NP),1719.0
1345,000E0E0GBE5B6C9F,1,Non-Peak (NP),1810.0
1346,000E0E0GBE5B6C9F,25,Non-Peak (NP),2737.0
1347,000E0E0GBE5B6C9F,1,Non-Peak (NP),8657.0
1348,000E0E0GBE5B6C9F,1,Non-Peak (NP),71202.0
1349,000E0E0GE33F0G9G,1,Non-Peak (NP),158.0
1350,000E0E0GE33F0G9G,2,Non-Peak (NP),330.0
1351,000E0E0GE33F0G9G,1,Non-Peak (NP),409.0
1352,000E0E0GE33F0G9G,1,Non-Peak (NP),414.0
1353,000E0E0GE33F0G9G,2,Non-Peak (NP),1015.0
1354,000E0E0GE33F0G9G,4,Non-Peak (NP),1016.0
1355,000E0E0GE33F0G9G,1,Non-Peak (NP),1018.0
1356,000E0E0GE33F0G9G,1,Non-Peak (NP),1210.0
1357,000E0E0GE33F0G9G,1,Non-Peak (NP),1217.0
1358,000E0E0GE33F0G9G,1,Non-Peak (NP),2619.0
1359,000E0E0GE33F0G9G,1,Non-Peak (NP),2715.0
1360,000E0E0GE5G669EB,1,Non-Peak (NP),332.0
1361,000E0E0GE5G669EB,1,Non-Peak (NP),1857.0
1362,000E0E0GE5G669EB,16,Non-Peak (NP),1859.0
1363,000E0E0GE5G669EB,3,Non-Peak (NP),7937.0
1364,000E0E0GE5G669EB,6,Non-Peak (NP),8192.0
1365,000E0E0GE5G669EB,2,Non-Peak (NP),12913.0
1366,000E0E0GE5G669EB,2,Non-Peak (NP),70130.0
1367,000E0E0GE5G669EB,6,Non-Peak (NP),75636.0
1368,000E0E0GE5G669EB,3,Non-Peak (NP),75775.0
1369,000E0E0GE5G669EB,1,Non-Peak (NP),9011189.0
1370,000E0E0GE5G669EB,5,Non-Peak (NP),9012827.0
1371,000E0E0GE5G669EB,1,Non-Peak (NP),9033549.0
1372,000E0E0GE9C30965,2,Non-Peak (NP),150.0
1373,000E0E0GE9C30965,2,Non-Peak (NP),155.0
1374,000E0E0GE9C30965,1,Non-Peak (NP),232.0
1375,000E0E0GE9C30965,4,Non-Peak (NP),1004.0
1376,000E0E0GE9C30965,20,Non-Peak (NP),1006.0
1377,000E0E0GE9C30965,2,Non-Peak (NP),2533.0
1378,000E0E0GE9C30965,4,Non-Peak (NP),2742.0
1379,000E0E0GE9C30965,3,Non-Peak (NP),2746.0
1380,000E0E0GE9C30965,3,Non-Peak (NP),2747.0
1381,000E0E0GE9C30965,1,Non-Peak (NP),4117.0
1382,000E0E0GEC3B393F,1,Non-Peak (NP),232.0
1383,000E0E0GEC3B393F,1,Non-Peak (NP),337.0
1384,000E0E0GEC3B393F,1,Non-Peak (NP),338.0
1385,000E0E0GEC3B393F,9,Non-Peak (NP),1006.0
1386,000E0E0GEC6939CF,1,Non-Peak (NP),315.0
1387,000E0E0GEC6939CF,18,Non-Peak (NP),1954.0
1388,000E0E0GEC6939CF,1,Non-Peak (NP),70115.0
1389,000E0E0GEC6939CF,1,Non-Peak (NP),8501277.0
1390,000E0E0GECF6BEB3,1,Non-Peak (NP),156.0
1391,000E0E0GECF6BEB3,1,Non-Peak (NP),204.0
1392,000E0E0GECF6BEB3,1,Non-Peak (NP),313.0
1393,000E0E0GECF6BEB3,2,Non-Peak (NP),314.0
1394,000E0E0GECF6BEB3,27,Non-Peak (NP),2611.0
1395,000E0E0GGCE09CG3,1,Non-Peak (NP),153.0
1396,000E0E0GGCE09CG3,19,Non-Peak (NP),205.0
1397,000E0E0GGCE09CG3,1,Non-Peak (NP),214.0
1398,000E0E0GGCE09CG3,1,Non-Peak (NP),218.0
1399,000E0E0GGCE09CG3,1,Non-Peak (NP),1756.0
1400,000E0E0GGCE09CG3,1,Non-Peak (NP),2548.0
1401,000E0E0GGCE09CG3,1,Non-Peak (NP),2636.0
1402,000E0E0GGCE09CG3,3,Non-Peak (NP),2715.0
1403,000E0E0GGCE09CG3,10,Non-Peak (NP),2716.0
1404,000E0E0GGCE09CG3,2,Non-Peak (NP),2717.0
1405,000E0E0GGCE09CG3,10,Non-Peak (NP),2738.0
1406,000E0E0GGCE09CG3,1,Non-Peak (NP),7934.0
1407,000E0E0GGCE09CG3,1,Non-Peak (NP),7954.0
1408,000E0E0GGCE09CG3,3,Non-Peak (NP),10977.0
1409,000E0E0GGCE09CG3,10,Non-Peak (NP),11034.0
1410,000E0E0GGCE09CG3,1,Non-Peak (NP),11119.0
1411,000E0E0GGCE09CG3,1,Non-Peak (NP),71427.0
1412,000E0E0GGCE09CG3,1,Non-Peak (NP),71429.0
1413,000E0E0GGCE09CG3,5,Non-Peak (NP),71500.0
1414,000E0E0GGCE09CG3,2,Non-Peak (NP),71501.0
1415,000E0E0GGCE09CG3,1,Non-Peak (NP),72180.0
1416,000E0E0GGCE09CG3,10,Non-Peak (NP),75018.0
1417,000E0E0GGCE09CG3,1,Non-Peak (NP),9007809.0
1418,000E0E0GGCE09CG3,1,Non-Peak (NP),9011660.0
1419,000E0E0GGCEEB0CE,1,Non-Peak (NP),153.0
1420,000E0E0GGCEEB0CE,1,Non-Peak (NP),158.0
1421,000E0E0GGCEEB0CE,1,Non-Peak (NP),215.0
1422,000E0E0GGCEEB0CE,3,Non-Peak (NP),1027.0
1423,000E0E0GGCEEB0CE,1,Non-Peak (NP),1705.0
1424,000E0E0GGCEEB0CE,1,Non-Peak (NP),1751.0
1425,000E0E0GGCEEB0CE,9,Non-Peak (NP),1901.0
1426,000E0E0GGCEEB0CE,2,Non-Peak (NP),1903.0
1427,000E0E0GGCEEB0CE,31,Non-Peak (NP),1904.0
1428,000E0E0GGCEEB0CE,1,Non-Peak (NP),1906.0
1429,000E0E0GGCEEB0CE,1,Non-Peak (NP),2535.0
1430,000E0E0GGCEEB0CE,4,Non-Peak (NP),2545.0
1431,000E0E0GGCEEB0CE,1,Non-Peak (NP),2561.0
1432,000E0E0GGCEEB0CE,15,Non-Peak (NP),2721.0
1433,000E0E0GGCEEB0CE,1,Non-Peak (NP),2724.0
1434,000E0E0GGCEEB0CE,1,Non-Peak (NP),2811.0
1435,000E0E0GGCEEB0CE,5,Non-Peak (NP),2817.0
1436,000E0E0GGE556E9F,1,Non-Peak (NP),202.0
1437,000E0E0GGE556E9F,5,Non-Peak (NP),206.0
1438,000E0E0GGE556E9F,1,Non-Peak (NP),1013.0
1439,000E0E0GGE556E9F,1,Non-Peak (NP),1451.0
1440,000E0E0GGE556E9F,5,Non-Peak (NP),1821.0
1441,000E0E0GGE556E9F,1,Non-Peak (NP),2528.0
1442,000E0E0GGE556E9F,1,Non-Peak (NP),2712.0
1443,000E0E0GGE556E9F,1,Non-Peak (NP),2731.0
1444,000E0E0GGE556E9F,57,Non-Peak (NP),2745.0
1445,000E0E0GGE556E9F,1,Non-Peak (NP),2752.0
1446,000E0E0GGE556E9F,1,Non-Peak (NP),4120.0
1447,000E0E0GGE556E9F,15,Non-Peak (NP),7654.0
1448,000E0E0GGE556E9F,2,Non-Peak (NP),7708.0
1449,000E0E0GGE556E9F,8,Non-Peak (NP),9325.0
1450,000E0E0GGE556E9F,1,Non-Peak (NP),9326.0
1451,000E0E0GGE556E9F,1,Non-Peak (NP),9578.0
1452,000E0E0GGE556E9F,1,Non-Peak (NP),9598.0
1453,000E0E0GGE556E9F,1,Non-Peak (NP),14560.0
1454,000E0E0GGE556E9F,15,Non-Peak (NP),71363.0
1455,000E0E0GGE556E9F,1,Non-Peak (NP),72155.0
1456,000E0E0GGE556E9F,1,Non-Peak (NP),72157.0
1457,000E0E0GGE556E9F,5,Non-Peak (NP),72164.0
1458,000E0E0GGE556E9F,2,Non-Peak (NP),72207.0
1459,000E0E0GGE556E9F,2,Non-Peak (NP),72208.0
1460,000E0E0GGE556E9F,2,Non-Peak (NP),72252.0
1461,000E0E0GGE556E9F,16,Non-Peak (NP),72253.0
1462,000E0E0GGE556E9F,19,Non-Peak (NP),72645.0
1463,000E0E0GGEE6CG55,6,Non-Peak (NP),224.0
1464,000E0E0GGEE6CG55,6,Non-Peak (NP),312.0
1465,000E0E0GGEE6CG55,4,Non-Peak (NP),313.0
1466,000E0E0GGEE6CG55,3,Non-Peak (NP),320.0
1467,000E0E0GGEE6CG55,2,Non-Peak (NP),2613.0
1468,000E0E0GGEE6CG55,2,Non-Peak (NP),2620.0
1469,000E0E0GGEE6CG55,19,Non-Peak (NP),2623.0
1470,000E0E0GGEE6CG55,3,Non-Peak (NP),2736.0
1471,000E0E90EF6BBEGF,9,Non-Peak (NP),7844.0
1472,000E0E90EF6BBEGF,15,Non-Peak (NP),8902.0
1473,000E0E90EF6BBEGF,3,Non-Peak (NP),8953.0
1474,000E0E90EF6BBEGF,8,Non-Peak (NP),72383.0
1475,005F5993E30B6GGF,7,Non-Peak (NP),8018.0
1476,005F5993E30B6GGF,1,Non-Peak (NP),8102.0
1477,005F5993E30B6GGF,9,Non-Peak (NP),8120.0
1478,0069FE0GG96FFCEG,1,Non-Peak (NP),239.0
1479,0069FE0GG96FFCEG,2,Non-Peak (NP),2521.0
1480,0069FE0GG96FFCEG,1,Non-Peak (NP),2522.0
1481,0069FE0GG96FFCEG,1,Non-Peak (NP),2555.0
1482,0069FE0GG96FFCEG,6,Non-Peak (NP),4111.0
1483,0069FE0GG96FFCEG,2,Non-Peak (NP),4112.0
1484,0069FE0GG96FFCEG,1,Non-Peak (NP),10263.0
1485,0069FE0GG96FFCEG,1,Non-Peak (NP),10290.0
1486,0069FE0GG96FFCEG,1,Non-Peak (NP),10301.0
1487,0069FE0GG96FFCEG,1,Non-Peak (NP),10347.0
1488,0069FE0GG96FFCEG,1,Non-Peak (NP),10474.0
1489,0069FE0GG96FFCEG,6,Non-Peak (NP),10482.0
1490,0069FE0GG96FFCEG,2,Non-Peak (NP),70777.0
1491,0069FE0GG96FFCEG,1,Non-Peak (NP),72476.0
1492,0069FE0GG96FFCEG,1,Non-Peak (NP),72477.0
1493,0069FE0GG96FFCEG,1,Non-Peak (NP),110482.0
1494,0069FE0GG96FFCEG,1,Non-Peak (NP),8002632.0
1495,0069FE0GG96FFCEG,1,Non-Peak (NP),8002633.0
1496,0069FE0GG96FFCEG,1,Non-Peak (NP),8002635.0
1497,0069FE0GG96FFCEG,1,Non-Peak (NP),8002641.0
1498,0069FE0GG96FFCEG,1,Non-Peak (NP),8501263.0
1499,0069FE0GG96FFCEG,2,Non-Peak (NP),9007730.0
1500,0069FE0GG96FFCEG,1,Non-Peak (NP),9009411.0
1501,00EE0F000E030C6F,2,Non-Peak (NP),2802364.0
1502,00EE0F000E030C6F,2,Non-Peak (NP),2802365.0
1503,00EE0F000E030C6F,1,Non-Peak (NP),2802400.0
1504,00EE0F000E030C6F,1,Non-Peak (NP),2802405.0
1505,00EE0F000E030C6F,1,Non-Peak (NP),2802439.0
1506,00EE0F000E030C6F,2,Non-Peak (NP),2802476.0
1507,00EE0F000E030C6F,3,Non-Peak (NP),2802486.0
1508,00EE0F000E030C6F,4,Non-Peak (NP),2802511.0
1509,00EE0F000E030C6F,1,Non-Peak (NP),2802519.0
1510,00EE0F000E030C6F,1,Non-Peak (NP),2802521.0
1511,00EE0F000E030C6F,2,Non-Peak (NP),2802531.0
1512,00EE0F000E030C6F,1,Non-Peak (NP),2802625.0
1513,00EE0F000E030C6F,1,Non-Peak (NP),2802706.0
1514,00EE0F000E030C6F,2,Non-Peak (NP),2802808.0
1515,00EE0F000E030C6F,1,Non-Peak (NP),2802811.0
1516,00EE0F000E030C6F,2,Non-Peak (NP),2802827.0
1517,00EE0F000E030C6F,8,Non-Peak (NP),2802853.0
1518,00EE0F000E030C6F,1,Non-Peak (NP),2802884.0
1519,00EE0F000E030C6F,1,Non-Peak (NP),2802903.0
1520,00EE0F003EGEB935,1,Non-Peak (NP),72056.0
1521,00EE0F003EGEB935,1,Non-Peak (NP),8101473.0
1522,00EE0F003EGEB935,1,Non-Peak (NP),9012213.0
1523,00EE0F00G95FBCB3,4,Non-Peak (NP),158.0
1524,00EE0F00G95FBCB3,1,Non-Peak (NP),207.0
1525,00EE0F00G95FBCB3,1,Non-Peak (NP),1020.0
1526,00EE0F00G95FBCB3,1,Non-Peak (NP),1901.0
1527,00EE0F00G95FBCB3,7,Non-Peak (NP),7654.0
1528,00EE0F00G95FBCB3,2,Non-Peak (NP),7713.0
1529,00EE0F00G95FBCB3,1,Non-Peak (NP),7931.0
1530,00EE0F00G95FBCB3,2,Non-Peak (NP),7954.0
1531,00EE0F00G95FBCB3,1,Non-Peak (NP),8809.0
1532,00EE0F00G95FBCB3,4,Non-Peak (NP),9187.0
1533,00EE0F00G95FBCB3,1,Non-Peak (NP),12941.0
1534,00EE0F00G95FBCB3,1,Non-Peak (NP),16049.0
1535,00EE0F00G95FBCB3,1,Non-Peak (NP),70034.0
1536,00EE0F00G95FBCB3,1,Non-Peak (NP),70563.0
1537,00EE0F00G95FBCB3,1,Non-Peak (NP),71085.0
1538,00EE0F00G95FBCB3,1,Non-Peak (NP),71306.0
1539,00EE0F00G95FBCB3,1,Non-Peak (NP),71308.0
1540,00EE0F00G95FBCB3,2,Non-Peak (NP),71309.0
1541,00EE0F00G95FBCB3,1,Non-Peak (NP),71311.0
1542,00EE0F00G95FBCB3,1,Non-Peak (NP),72011.0
1543,00EE0F00G95FBCB3,1,Non-Peak (NP),72012.0
1544,00EE0F00G95FBCB3,1,Non-Peak (NP),72049.0
1545,00EE0F00G95FBCB3,4,Non-Peak (NP),72162.0
1546,00EE0F00G95FBCB3,9,Non-Peak (NP),72163.0
1547,00EE0F00G95FBCB3,1,Non-Peak (NP),72164.0
1548,00EE0F00G95FBCB3,10,Non-Peak (NP),72207.0
1549,00EE0F00G95FBCB3,1,Non-Peak (NP),72357.0
1550,00EE0F00G95FBCB3,3,Non-Peak (NP),72360.0
1551,00EE0F00G95FBCB3,2,Non-Peak (NP),72419.0
1552,00EE0F00G95FBCB3,2,Non-Peak (NP),72869.0
1553,00EE0F00G95FBCB3,1,Non-Peak (NP),72870.0
1554,00EE0F00G95FBCB3,1,Non-Peak (NP),73880.0
1555,00EE0F00G95FBCB3,1,Non-Peak (NP),74808.0
1556,00EE0F00G95FBCB3,1,Non-Peak (NP),74813.0
1557,00EE0F00G95FBCB3,3,Non-Peak (NP),75038.0
1558,00EE0F00G95FBCB3,1,Non-Peak (NP),75205.0
1559,00EE0F00G95FBCB3,3,Non-Peak (NP),75439.0
1560,00EE0F00G95FBCB3,1,Non-Peak (NP),75515.0
1561,00EE0F00G95FBCB3,4,Non-Peak (NP),8000547.0
1562,00EE0F00G95FBCB3,1,Non-Peak (NP),8000987.0
1563,00EE0F00G95FBCB3,17,Non-Peak (NP),8001938.0
1564,00EE0F00G95FBCB3,1,Non-Peak (NP),8002383.0
1565,00EE0F00G95FBCB3,1,Non-Peak (NP),8002513.0
1566,00EE0F00G95FBCB3,1,Non-Peak (NP),8002705.0
1567,00EE0F00G95FBCB3,2,Non-Peak (NP),8501293.0
1568,00EE0F00G95FBCB3,2,Non-Peak (NP),9008852.0
1569,00EE0F00G95FBCB3,3,Non-Peak (NP),9009069.0
1570,00EE0F00G95FBCB3,22,Non-Peak (NP),9011881.0
1571,00EE0F00G95FBCB3,4,Non-Peak (NP),9011882.0
1572,00EE0F00G95FBCB3,2,Non-Peak (NP),9011890.0
1573,00EE0F00G95FBCB3,2,Non-Peak (NP),9108852.0
1574,0659FG0C0GF60366,1,Non-Peak (NP),240.0
1575,0659FG0C0GF60366,5,Non-Peak (NP),417.0
1576,0659FG0C0GF60366,2,Non-Peak (NP),2528.0
1577,0659FG0C0GF60366,1,Non-Peak (NP),7197.0
1578,0659FG0C0GF60366,1,Non-Peak (NP),8952.0
1579,0659FG0C0GF60366,2,Non-Peak (NP),70173.0
1580,0659FG0C0GF60366,2,Non-Peak (NP),71198.0
1581,0659FG0C0GF60366,1,Non-Peak (NP),71205.0
1582,0659FG0C0GF60366,10,Non-Peak (NP),71614.0
1583,0659FG0C0GF60366,2,Non-Peak (NP),72011.0
1584,0659FG0C0GF60366,2,Non-Peak (NP),72027.0
1585,0659FG0C0GF60366,18,Non-Peak (NP),72028.0
1586,0659FG0C0GF60366,1,Non-Peak (NP),8002486.0
1587,0659FG0C0GF60366,1,Non-Peak (NP),8002641.0
1588,0659FG0C0GF60366,1,Non-Peak (NP),8003064.0
1589,0659FG0C0GF60366,1,Non-Peak (NP),8003158.0
1590,0659FG0C0GF60366,1,Non-Peak (NP),9007089.0
1591,0659FG0C0GF60366,1,Non-Peak (NP),9007249.0
1592,0E6E0FG003G395F6,36,Non-Peak (NP),150.0
1593,0E6E0FG003G395F6,1,Non-Peak (NP),151.0
1594,0E6E0FG003G395F6,1,Non-Peak (NP),423.0
1595,0E6E0FG003G395F6,3,Non-Peak (NP),425.0
1596,0E6E0FG003G395F6,1,Non-Peak (NP),1701.0
1597,0E6E0FG003G395F6,27,Non-Peak (NP),1751.0
1598,0E6E0FG00F03909B,1,Non-Peak (NP),1219.0
1599,0E6E0FG00F03909B,2,Non-Peak (NP),1851.0
1600,0E6E0FG00F03909B,33,Non-Peak (NP),1853.0
1601,0E6E0FG00F03909B,1,Non-Peak (NP),1862.0
1602,0E6E0FG00F03909B,11,Non-Peak (NP),2823.0
1603,0E6E0FG00F03909B,1,Non-Peak (NP),2824.0
1604,0E6E0FG00F03909B,1,Non-Peak (NP),2826.0
1605,0E6E0FG0E0CE3EG3,1,Non-Peak (NP),152.0
1606,0E6E0FG0E0CE3EG3,17,Non-Peak (NP),153.0
1607,0E6E0FG0E0CE3EG3,2,Non-Peak (NP),154.0
1608,0E6E0FG0E0CE3EG3,66,Non-Peak (NP),155.0
1609,0E6E0FG0E0CE3EG3,26,Non-Peak (NP),319.0
1610,0E6E0FG0E0CE3EG3,1,Non-Peak (NP),335.0
1611,0E6E0FG0E0CE3EG3,1,Non-Peak (NP),338.0
1612,0E6E0FG0E0CE3EG3,3,Non-Peak (NP),2824.0
1613,0E6E0FG0E0CE3EG3,1,Non-Peak (NP),12347.0
1614,0E6E0FG0EFFF093E,16,Non-Peak (NP),1208.0
1615,0E6E0FG0EG65055B,1,Non-Peak (NP),1801.0
1616,0E6E0FG0EG65055B,17,Non-Peak (NP),2750.0
1617,0E6E0FG0EG65055B,1,Non-Peak (NP),9485.0
1618,0E6E0FG0EG65055B,14,Non-Peak (NP),9595.0
1619,0E6E0FG0EG65055B,3,Non-Peak (NP),9656.0
1620,0E6E0FG0EG65055B,1,Non-Peak (NP),9950.0
1621,0E6E0FG0EG65055B,1,Non-Peak (NP),10227.0
1622,0E6E0FG0EG65055B,1,Non-Peak (NP),10299.0
1623,0E6E0FG0EG65055B,1,Non-Peak (NP),13476.0
1624,0E6E0FG0EG65055B,1,Non-Peak (NP),9008152.0
1625,0E6E0FG0EG65055B,1,Non-Peak (NP),9011324.0
1626,0E6E0FG0EG9EC9FB,1,Non-Peak (NP),1903.0
1627,0E6E0FG0EG9EC9FB,1,Non-Peak (NP),1906.0
1628,0E6E0FG0EG9EC9FB,5,Non-Peak (NP),1907.0
1629,0E6E0FG0EG9EC9FB,3,Non-Peak (NP),1912.0
1630,0E6E0FG0EG9EC9FB,3,Non-Peak (NP),1913.0
1631,0E6E0FG0EG9EC9FB,8,Non-Peak (NP),1916.0
1632,0E6E0FG0EG9EC9FB,1,Non-Peak (NP),8337.0
1633,0E6E0FG0EG9EC9FB,1,Non-Peak (NP),70713.0
1634,0E6E0FG0EG9EC9FB,1,Non-Peak (NP),75205.0
1635,0EEE0FG00055E9F6,18,Non-Peak (NP),221.0
1636,0EEE0FG0EECFBG0F,4,Non-Peak (NP),1851.0
1637,0EEE0FG0EECFBG0F,30,Non-Peak (NP),2821.0
1638,0EEE0FG0EECFBG0F,2,Non-Peak (NP),2822.0
1639,0EEE0FG0EEFG93GF,17,Non-Peak (NP),431.0
1640,0EEE0FG0EEFG93GF,2,Non-Peak (NP),1706.0
1641,0EEE0FG0EEFG93GF,3,Non-Peak (NP),1709.0
1642,0EEE0FG0EEFG93GF,1,Non-Peak (NP),1715.0
1643,0EEE0FG0EEFG93GF,1,Non-Peak (NP),1751.0
1644,336F0099963G00G5,2,Non-Peak (NP),8003094.0
1645,6EC9FE0FG9650009,10,Non-Peak (NP),222.0
1646,6EC9FE0FG9650009,20,Non-Peak (NP),10517.0
1647,6EC9FE0FG9650009,5,Non-Peak (NP),10524.0
1648,6EC9FE0FG9650009,5,Non-Peak (NP),71386.0
1649,6EC9FE0FG9650009,2,Non-Peak (NP),9008151.0
1650,6EC9FE0FG9650009,1,Non-Peak (NP),9008316.0
1651,6EC9FE0FG9650009,2,Non-Peak (NP),9008888.0
1652,6EC9FE0FG9650009,1,Non-Peak (NP),9008897.0
1653,6EC9FE0FG9650009,9,Non-Peak (NP),9009128.0
1654,6EC9FE0FG9650009,10,Non-Peak (NP),9035078.0
1655,B00E00030E003E5B0E5C,1,Non-Peak (NP),2801788.0
1656,B00E00030E003E5B0E5C,1,Non-Peak (NP),2801940.0
1657,B00E00030E003E5B0E5C,1,Non-Peak (NP),2801952.0
1658,B00E00030E003E5B0E5C,11,Non-Peak (NP),2801958.0
1659,B00E00030E003E5B0E5C,10,Non-Peak (NP),2801989.0
1660,B00E00030E003E5B0E5C,2,Non-Peak (NP),2802006.0
1661,B00E00030E003E5B0E5C,16,Non-Peak (NP),2802016.0
1662,B00E00030E003E5B0E5C,4,Non-Peak (NP),2802025.0
1663,B00E00030E003E5B0E5C,10,Non-Peak (NP),2802028.0
1664,B00E00030E003E5B0E5C,3,Non-Peak (NP),2802036.0
1665,B00E00030E003E5B0E5C,11,Non-Peak (NP),2802045.0
1666,B00E00030E003E5B0E5C,17,Non-Peak (NP),2802046.0
1667,B00E00030E003E5B0E5C,2,Non-Peak (NP),2802050.0
1668,B00E00030E003E5B0E5C,2,Non-Peak (NP),2802064.0
1669,B00E00030E003E5B0E5C,1,Non-Peak (NP),2802074.0
1670,B00E00030E003E5B0E5C,1,Non-Peak (NP),2802095.0
1671,B00E000E0000GEEFG36F,1,Non-Peak (NP),2801178.0
1672,B00E000E0000GEEFG36F,1,Non-Peak (NP),2801192.0
1673,B00E000E0000GEEFG36F,17,Non-Peak (NP),2801345.0
1674,B00E000E0000GEEFG36F,5,Non-Peak (NP),2801384.0
1675,B00E000E0000GEEFG36F,13,Non-Peak (NP),2801399.0
1676,B00E000E0000GEEFG36F,4,Non-Peak (NP),2801417.0
1677,B00E000E0000GEEFG36F,3,Non-Peak (NP),2801434.0
1678,B00E000E0000GEEFG36F,1,Non-Peak (NP),2801438.0
1679,B00E000E0000GEEFG36F,12,Non-Peak (NP),2801439.0
1680,B00E000E0000GEEFG36F,1,Non-Peak (NP),2801446.0
1681,B00E000E0000GEEFG36F,1,Non-Peak (NP),2801461.0
1682,B00E000E0000GEEFG36F,1,Non-Peak (NP),2801469.0
1683,B00E000E0000GEEFG36F,1,Non-Peak (NP),2801490.0
1684,B00E000E0000GEEFG36F,1,Non-Peak (NP),2801517.0
1685,B00E000E0000GEEFG36F,2,Non-Peak (NP),2801541.0
1686,B00E000E0000GEEFG36F,13,Non-Peak (NP),2801577.0
1687,B00E000E0000GEEFG36F,1,Non-Peak (NP),2801580.0
1688,B00E000E0000GEEFG36F,3,Non-Peak (NP),2801584.0
1689,B00E000E0000GEEFG36F,2,Non-Peak (NP),2801601.0
1690,B00E000E0000GEEFG36F,2,Non-Peak (NP),2801626.0
1691,B00E000E0000GEEFG36F,1,Non-Peak (NP),2805017.0
1692,B0E53E00396GEFGB,2,Non-Peak (NP),219.0
1693,B0E53E00396GEFGB,30,Non-Peak (NP),326.0
1694,B0E53E00396GEFGB,9,Non-Peak (NP),429.0
1695,B0E53E00396GEFGB,1,Non-Peak (NP),1003.0
1696,B0E53E00396GEFGB,2,Non-Peak (NP),1701.0
1697,B0E53E00396GEFGB,2,Non-Peak (NP),1805.0
1698,B0E53E00396GEFGB,2,Non-Peak (NP),7840.0
1699,B0E53E00396GEFGB,1,Non-Peak (NP),8745.0
1700,B0E53E00396GEFGB,5,Non-Peak (NP),70163.0
1701,B0E53E00396GEFGB,7,Non-Peak (NP),70924.0
1702,B0E53E00396GEFGB,2,Non-Peak (NP),71315.0
1703,B0E53E00396GEFGB,1,Non-Peak (NP),72315.0
1704,B0E53E00396GEFGB,2,Non-Peak (NP),73983.0
1705,B0E53E00396GEFGB,23,Non-Peak (NP),74012.0
1706,B0E53E00396GEFGB,1,Non-Peak (NP),2801940.0
1707,B0E53E00396GEFGB,1,Non-Peak (NP),2802006.0
1708,B0E53E00396GEFGB,2,Non-Peak (NP),2803399.0
1709,E009FE0006G5359C,2,Non-Peak (NP),8102.0
1710,E009FE0006G5359C,4,Non-Peak (NP),8308.0
1711,E009FE0006G5359C,2,Non-Peak (NP),8378.0
1712,E009FE0006G5359C,6,Non-Peak (NP),10891.0
1713,E009FE0006G5359C,1,Non-Peak (NP),11278.0
1714,E009FE0006G5359C,1,Non-Peak (NP),11353.0
1715,E009FE0006G5359C,1,Non-Peak (NP),11420.0
1716,E009FE0006G5359C,12,Non-Peak (NP),11456.0
1717,E009FE0006G5359C,3,Non-Peak (NP),70064.0
1718,E009FE0006G5359C,1,Non-Peak (NP),70067.0
1719,E009FE0006G5359C,2,Non-Peak (NP),71149.0
1720,E009FE0006G5359C,1,Non-Peak (NP),71150.0
1721,E009FE0006G5359C,3,Non-Peak (NP),71490.0
1722,E009FE0006G5359C,5,Non-Peak (NP),72144.0
1723,E009FE0006G5359C,1,Non-Peak (NP),72419.0
1724,E009FE0006G5359C,4,Non-Peak (NP),72537.0
1725,E009FE0006G5359C,3,Non-Peak (NP),75265.0
1726,E009FE0006G5359C,16,Non-Peak (NP),8000781.0
1727,E009FE0006G5359C,2,Non-Peak (NP),8001829.0
1728,E009FE0006G5359C,4,Non-Peak (NP),8501270.0
1729,E00E000E0000CEGFBCEE,12,Non-Peak (NP),316.0
1730,E00E000E0000CEGFBCEE,1,Non-Peak (NP),9010035.0
1731,E00E000E0000CEGFBCEE,1,Non-Peak (NP),9013192.0
1732,E00E000E000E0CBF9FC5,1,Non-Peak (NP),214.0
1733,E00E000E000E0CBF9FC5,1,Non-Peak (NP),411.0
1734,E00E000E000E0CBF9FC5,1,Non-Peak (NP),2636.0
1735,E00E000E000E0CBF9FC5,1,Non-Peak (NP),2645.0
1736,E00E000E000E0CBF9FC5,1,Non-Peak (NP),2716.0
1737,E00E000E000E0CBF9FC5,6,Non-Peak (NP),11084.0
1738,E00E000E000E0CBF9FC5,13,Non-Peak (NP),11085.0
1739,E00E000E000E0CBF9FC5,3,Non-Peak (NP),11089.0
1740,E00E000E000E0CBF9FC5,4,Non-Peak (NP),11304.0
1741,E00E000E000E0CBF9FC5,7,Non-Peak (NP),11320.0
1742,E00E000E000E0CBF9FC5,1,Non-Peak (NP),11367.0
1743,E00E000E000E0CBF9FC5,1,Non-Peak (NP),11378.0
1744,E00E000E000E0CBF9FC5,2,Non-Peak (NP),13733.0
1745,E00E000E000E0CBF9FC5,3,Non-Peak (NP),14620.0
1746,E00E000E000E0CBF9FC5,4,Non-Peak (NP),70574.0
1747,E00E000E000E0CBF9FC5,1,Non-Peak (NP),70575.0
1748,E00E000E000E0CBF9FC5,7,Non-Peak (NP),71430.0
1749,E00E000E000E0CBF9FC5,4,Non-Peak (NP),71499.0
1750,E00E000E000E0CBF9FC5,10,Non-Peak (NP),71500.0
1751,E00E000E000E0CBF9FC5,3,Non-Peak (NP),71501.0
1752,E00E000E000E0CBF9FC5,1,Non-Peak (NP),71599.0
1753,E00E000E000E0CBF9FC5,17,Non-Peak (NP),71936.0
1754,E00E000E000E0CBF9FC5,1,Non-Peak (NP),75186.0
1755,E00E000E000E0CBF9FC5,1,Non-Peak (NP),75715.0
1756,E00E000G0E00B3CC655E,4,Non-Peak (NP),70393.0
1757,E00E000G0E00B3CC655E,28,Non-Peak (NP),72479.0
1758,E00E000G0E00B3CC655E,26,Non-Peak (NP),8002252.0
1759,E00E000G0E00B3CC655E,2,Non-Peak (NP),9001967.0
1760,E00E000G0E00FC3FG99G,1,Non-Peak (NP),218.0
1761,E00E000G0E00FC3FG99G,3,Non-Peak (NP),227.0
1762,E00E000G0E00FC3FG99G,5,Non-Peak (NP),234.0
1763,E00E000G0E00FC3FG99G,1,Non-Peak (NP),329.0
1764,E00E000G0E00FC3FG99G,1,Non-Peak (NP),1006.0
1765,E00E000G0E00FC3FG99G,3,Non-Peak (NP),14406.0
1766,E00E000G0E00FC3FG99G,3,Non-Peak (NP),60074.0
1767,E00E000G0E00FC3FG99G,7,Non-Peak (NP),60077.0
1768,E00E000G0E00FC3FG99G,6,Non-Peak (NP),70641.0
1769,E00E000G0E00FC3FG99G,1,Non-Peak (NP),70763.0
1770,E00E000G0E00FC3FG99G,1,Non-Peak (NP),8501383.0
1771,E00E000G0E00FC3FG99G,2,Non-Peak (NP),9010452.0
1772,E00E000G0E00FC3FG99G,1,Non-Peak (NP),9010609.0
1773,E50E0E9000CCC0CE,4,Non-Peak (NP),4209.0
1774,E50E0E9000CCC0CE,2,Non-Peak (NP),71309.0
1775,E50E0E9000CCC0CE,2,Non-Peak (NP),8001870.0
1776,E50E0E9000CCC0CE,6,Non-Peak (NP),8001938.0
1777,E909F909FGBB0006,1,Non-Peak (NP),224.0
1778,E909F909FGBB0006,1,Non-Peak (NP),234.0
1779,E909F909FGBB0006,2,Non-Peak (NP),1004.0
1780,E909F909FGBB0006,1,Non-Peak (NP),1006.0
1781,E909F909FGBB0006,30,Non-Peak (NP),1813.0
1782,E909F909FGBB0006,30,Non-Peak (NP),2640.0
1783,E909F909FGBB0006,3,Non-Peak (NP),2825.0
1784,E909F909FGBB0006,1,Non-Peak (NP),9773.0
1785,E909F909FGBB0006,1,Non-Peak (NP),9865.0
1786,E909F909FGBB0006,2,Non-Peak (NP),9902.0
1787,E909F909FGBB0006,2,Non-Peak (NP),9950.0
1788,E909F909FGBB0006,1,Non-Peak (NP),74951.0
1789,E909F909FGBB0006,1,Non-Peak (NP),9011205.0
1790,E909F90C00CEG5E0,3,Non-Peak (NP),214.0
1791,E909F90C00CEG5E0,1,Non-Peak (NP),216.0
1792,E909F90C00CEG5E0,1,Non-Peak (NP),217.0
1793,E909F90C00CEG5E0,4,Non-Peak (NP),238.0
1794,E909F90C00CEG5E0,4,Non-Peak (NP),239.0
1795,E909F90C00CEG5E0,1,Non-Peak (NP),240.0
1796,E909F90C00CEG5E0,2,Non-Peak (NP),241.0
1797,E909F90C00CEG5E0,1,Non-Peak (NP),1003.0
1798,E909F90C00CEG5E0,29,Non-Peak (NP),4106.0
1799,E909F90C00CEG5E0,1,Non-Peak (NP),4117.0
1800,E909F90C00CEG5E0,4,Non-Peak (NP),4125.0
1801,E909F90C00CEG5E0,2,Non-Peak (NP),7440.0
1802,E909F90C00CEG5E0,1,Non-Peak (NP),7816.0
1803,E909F90C00CEG5E0,1,Non-Peak (NP),8015.0
1804,E909F90C00CEG5E0,2,Non-Peak (NP),13872.0
1805,E909F90C00CEG5E0,1,Non-Peak (NP),70511.0
1806,E909F90C00CEG5E0,4,Non-Peak (NP),71557.0
1807,E909F90C00CEG5E0,1,Non-Peak (NP),71822.0
1808,E909F90C00CEG5E0,1,Non-Peak (NP),73645.0
1809,E909F90C00CEG5E0,1,Non-Peak (NP),74604.0
1810,E909F90C00CEG5E0,3,Non-Peak (NP),8001711.0
1811,E909F90C00CEG5E0,1,Non-Peak (NP),8002286.0
1812,E909F90C00CEG5E0,4,Non-Peak (NP),8002436.0
1813,E909F90C00CEG5E0,1,Non-Peak (NP),8002452.0
1814,E909F90C00CEG5E0,21,Non-Peak (NP),8002453.0
1815,E909F90C00CEG5E0,1,Non-Peak (NP),8002633.0
1816,E909F90C00CEG5E0,1,Non-Peak (NP),8003138.0
1817,E909F90C00CEG5E0,1,Non-Peak (NP),9002162.0
1818,E909F90C00CEG5E0,1,Non-Peak (NP),9003641.0
1819,E909F90C00CEG5E0,1,Non-Peak (NP),9003644.0
1820,E909F90C00CEG5E0,4,Non-Peak (NP),9003646.0
1821,E909F90C00CEG5E0,1,Non-Peak (NP),9004840.0
1822,E909F90C00CEG5E0,1,Non-Peak (NP),9004880.0
1823,E909F90C00CEG5E0,1,Non-Peak (NP),9005176.0
1824,E909F90C00CEG5E0,1,Non-Peak (NP),9006483.0
1825,E909F90C00CEG5E0,2,Non-Peak (NP),9007412.0
1826,E909F90C00CEG5E0,4,Non-Peak (NP),9007608.0
1827,E909F90C00CEG5E0,1,Non-Peak (NP),9012412.0
1828,E909F90C9ECB990B,2,Non-Peak (NP),1017.0
1829,E909F90C9ECB990B,1,Non-Peak (NP),1902.0
1830,E909F90C9ECB990B,1,Non-Peak (NP),2715.0
1831,E909F90C9ECB990B,1,Non-Peak (NP),2720.0
1832,E909F90C9ECB990B,1,Non-Peak (NP),2721.0
1833,E909F90C9ECB990B,1,Non-Peak (NP),2729.0
1834,E909F90C9ECB990B,1,Non-Peak (NP),13759.0
1835,E909F90C9ECB990B,1,Non-Peak (NP),15238.0
1836,E909F90C9ECB990B,1,Non-Peak (NP),9008338.0
1837,EEEE0F000C0B330C,1,Non-Peak (NP),227.0
1838,EEEE0F000C0B330C,32,Non-Peak (NP),424.0
1839,EEEE0F000C0B330C,1,Non-Peak (NP),8598.0
1840,EEEE0F000C0B330C,1,Non-Peak (NP),9692.0
1841,EGF9FE0G9C306609,1,Non-Peak (NP),1854.0
1842,EGF9FE0G9C306609,13,Non-Peak (NP),1859.0
1843,EGF9FE0G9C306609,1,Non-Peak (NP),2823.0
1844,EGF9FE0G9C306609,1,Non-Peak (NP),2824.0
1845,EGF9FE0G9C306609,1,Non-Peak (NP),2826.0
1846,FE09FF5BBFBE609E,9,Non-Peak (NP),221.0
1847,FE09FF5BBFBE609E,1,Non-Peak (NP),233.0
1848,FE09FF5BBFBE609E,6,Non-Peak (NP),237.0
1849,FE09FF5BBFBE609E,1,Non-Peak (NP),1701.0
1850,FE09FF5BBFBE609E,1,Non-Peak (NP),10517.0
1851,FE09FF5BBFBE609E,2,Non-Peak (NP),74205.0
1852,FE09FF5BBFBE609E,5,Non-Peak (NP),75430.0
1853,FE09FF5BBFBE609E,4,Non-Peak (NP),75431.0
1854,FE09FF5BBFBE609E,1,Non-Peak (NP),8000362.0
1855,FG09FF5363B0F05E,2,Non-Peak (NP),9008981.0
1856,FG09FF5363B0F05E,16,Non-Peak (NP),9009073.0
1857,FG09FF5363B0F05E,2,Non-Peak (NP),9011866.0
1858,FG09FF5363B0F05E,3,Non-Peak (NP),9011994.0
1859,FGFF5EC59B0E60G0,1,Non-Peak (NP),156.0
1860,FGFF5EC59B0E60G0,1,Non-Peak (NP),229.0
1861,FGFF5EC59B0E60G0,1,Non-Peak (NP),234.0
1862,FGFF5EC59B0E60G0,1,Non-Peak (NP),239.0
1863,FGFF5EC59B0E60G0,1,Non-Peak (NP),246.0
1864,FGFF5EC59B0E60G0,1,Non-Peak (NP),320.0
1865,FGFF5EC59B0E60G0,1,Non-Peak (NP),327.0
1866,FGFF5EC59B0E60G0,43,Non-Peak (NP),329.0
1867,FGFF5EC59B0E60G0,2,Non-Peak (NP),418.0
1868,FGFF5EC59B0E60G0,1,Non-Peak (NP),1015.0
1869,FGFF5EC59B0E60G0,1,Non-Peak (NP),1803.0
1870,FGFF5EC59B0E60G0,1,Non-Peak (NP),2546.0
1871,FGFF5EC59B0E60G0,1,Non-Peak (NP),2636.0
1872,FGFF5EC59B0E60G0,2,Non-Peak (NP),2712.0
1873,FGFF5EC59B0E60G0,1,Non-Peak (NP),2724.0
1874,FGFF5EC59B0E60G0,2,Non-Peak (NP),2728.0
1875,FGFF5EC59B0E60G0,1,Non-Peak (NP),2730.0
1876,FGFF5EC59B0E60G0,1,Non-Peak (NP),9011213.0
1877,G3550GEB9560FEG9,16,Non-Peak (NP),230.0
1878,G3550GEB9560FEG9,2,Non-Peak (NP),9695.0
1879,G3550GEB9560FEG9,1,Non-Peak (NP),9797.0
1880,G3550GEB9560FEG9,19,Non-Peak (NP),9871.0
1881,G3550GEB9560FEG9,1,Non-Peak (NP),60031.0
1882,G3550GEB9560FEG9,8,Non-Peak (NP),60060.0
1883,G3550GEB9560FEG9,2,Non-Peak (NP),70755.0
1884,G3550GEB9560FEG9,1,Non-Peak (NP),71999.0
1885,G3550GEB9560FEG9,1,Non-Peak (NP),109871.0
1886,G3550GEB9560FEG9,1,Non-Peak (NP),160060.0
1887,G3550GEB9560FEG9,3,Non-Peak (NP),8003055.0
1888,G3550GEB9560FEG9,1,Non-Peak (NP),9010063.0
1889,G3950GE30CGC5EG9,1,Non-Peak (NP),154.0
1890,G3950GE30CGC5EG9,3,Non-Peak (NP),231.0
1891,G3950GE30CGC5EG9,1,Non-Peak (NP),1004.0
1892,G3950GE30CGC5EG9,1,Non-Peak (NP),1005.0
1893,G3950GE30CGC5EG9,2,Non-Peak (NP),2732.0
1894,G3950GE30CGC5EG9,1,Non-Peak (NP),2736.0
1895,G3950GE30CGC5EG9,1,Non-Peak (NP),2744.0
1896,G3950GE30CGC5EG9,2,Non-Peak (NP),4118.0
1897,G3950GE30CGC5EG9,1,Non-Peak (NP),4125.0
1898,G3950GE30CGC5EG9,10,Non-Peak (NP),9279.0
1899,G3950GE30CGC5EG9,1,Non-Peak (NP),9553.0
1900,G3950GE30CGC5EG9,1,Non-Peak (NP),9599.0
1901,G3950GE30CGC5EG9,1,Non-Peak (NP),9643.0
1902,G3950GE30CGC5EG9,8,Non-Peak (NP),9950.0
1903,G3950GE30CGC5EG9,1,Non-Peak (NP),9992.0
1904,G3950GE30CGC5EG9,1,Non-Peak (NP),71357.0
1905,G3950GE30CGC5EG9,21,Non-Peak (NP),74915.0
1906,G3950GE30CGC5EG9,1,Non-Peak (NP),74923.0
1907,G3950GE30CGC5EG9,1,Non-Peak (NP),74935.0
1908,G3950GE30CGC5EG9,1,Non-Peak (NP),74937.0
1909,G3950GE30CGC5EG9,1,Non-Peak (NP),8000303.0
1910,G3950GE30CGC5EG9,2,Non-Peak (NP),8001032.0
1911,G3950GE30CGC5EG9,1,Non-Peak (NP),8001610.0
1912,G3950GE30CGC5EG9,2,Non-Peak (NP),8001611.0
1913,G3950GE30CGC5EG9,1,Non-Peak (NP),8002146.0
1914,G3950GE30CGC5EG9,1,Non-Peak (NP),8002147.0
1915,G3950GE30CGC5EG9,1,Non-Peak (NP),8300556.0
1916,G3950GE30CGC5EG9,2,Non-Peak (NP),9009695.0
1917,G3950GE30CGC5EG9,1,Non-Peak (NP),9009736.0
1918,G3950GE30CGC5EG9,3,Non-Peak (NP),9136728.0
1919,G5FF906EG5EF0EG9,1,Non-Peak (NP),313.0
1920,G5FF906EG5EF0EG9,1,Non-Peak (NP),420.0
1921,G5FF906EG5EF0EG9,1,Non-Peak (NP),7806.0
1922,G5FF906EG5EF0EG9,2,Non-Peak (NP),70120.0
1923,G5FF906EG5EF0EG9,1,Non-Peak (NP),70121.0
1924,G5FF906EG5EF0EG9,2,Non-Peak (NP),70143.0
1925,G5FF906EG5EF0EG9,1,Non-Peak (NP),70707.0
1926,G5FF906EG5EF0EG9,1,Non-Peak (NP),71199.0
1927,G5FF906EG5EF0EG9,1,Non-Peak (NP),72012.0
1928,G5FF906EG5EF0EG9,1,Non-Peak (NP),72261.0
1929,G5FF906EG5EF0EG9,3,Non-Peak (NP),72358.0
1930,G5FF906EG5EF0EG9,2,Non-Peak (NP),72534.0
1931,G5FF906EG5EF0EG9,1,Non-Peak (NP),73133.0
1932,G5FF906EG5EF0EG9,1,Non-Peak (NP),74619.0
1933,G5FF906EG5EF0EG9,3,Non-Peak (NP),74620.0
1934,G5FF906EG5EF0EG9,1,Non-Peak (NP),74621.0
1935,G5FF906EG5EF0EG9,1,Non-Peak (NP),74622.0
1936,G5FF906EG5EF0EG9,1,Non-Peak (NP),74700.0
1937,G5FF906EG5EF0EG9,1,Non-Peak (NP),74809.0
1938,G5FF906EG5EF0EG9,1,Non-Peak (NP),75465.0
1939,G5FF906EG5EF0EG9,1,Non-Peak (NP),76728.0
1940,G5FF906EG5EF0EG9,2,Non-Peak (NP),76729.0
1941,G5FF906EG5EF0EG9,2,Non-Peak (NP),8000547.0
1942,G5FF906EG5EF0EG9,5,Non-Peak (NP),8000925.0
1943,G5FF906EG5EF0EG9,1,Non-Peak (NP),8001380.0
1944,G5FF906EG5EF0EG9,1,Non-Peak (NP),9100146.0
